,Credit Suisse Hedge Fund Index ,,,Credit Suisse Convertible Arbitrage Hedge Fund Index,,,Credit Suisse Dedicated Short Bias Hedge Fund Index,,,Credit Suisse Emerging Markets Hedge Fund Index,,,Credit Suisse Equity Market Neutral Hedge Fund Index,,,Credit Suisse Event Driven Hedge Fund Index,,,Credit Suisse Event Driven Distressed Hedge Fund Index,,,Credit Suisse Event Driven Multi-Strategy Hedge Fund Index,,,Credit Suisse Event Driven Risk Arbitrage Hedge Fund Index,,,Credit Suisse Fixed Income Arbitrage Hedge Fund Index,,,Credit Suisse Global Macro Hedge Fund Index,,,Credit Suisse Long/Short Equity Hedge Fund Index,,,Credit Suisse Managed Futures Hedge Fund Index,,,Credit Suisse Multi-Strategy Hedge Fund Index,,,
,CCY,NAV,ROR,CCY,NAV,ROR,CCY,NAV,ROR,CCY,NAV,ROR,CCY,NAV,ROR,CCY,NAV,ROR,CCY,NAV,ROR,CCY,NAV,ROR,CCY,NAV,ROR,CCY,NAV,ROR,CCY,NAV,ROR,CCY,NAV,ROR,CCY,NAV,ROR,CCY,NAV,ROR,
2/28/2014,USD,539.51,1.72%,USD,428.25,0.14%,USD,30.57,-3.66%,USD,426.53,1.79%,USD,268.76,0.26%,USD,641.72,2.75%,USD,766.97,2.04%,USD,587.74,3.08%,USD,353.73,0.93%,USD,293.27,0.66%,USD,853.29,0.69%,USD,637.07,2.88%,USD,263.22,0.94%,USD,483.61,1.41%,
1/31/2014,USD,530.41,-0.29%,USD,427.65,2.09%,USD,31.73,-1.09%,USD,419.01,-2.27%,USD,268.07,0.08%,USD,624.57,0.29%,USD,751.63,0.40%,USD,570.18,0.24%,USD,350.48,0.49%,USD,291.36,1.00%,USD,847.46,-1.05%,USD,619.23,-0.08%,USD,260.78,-3.42%,USD,476.90,0.81%,
12/31/2013,USD,531.93,1.19%,USD,418.88,0.54%,USD,32.08,-0.77%,USD,428.76,1.28%,USD,267.85,1.30%,USD,622.78,1.61%,USD,748.63,1.94%,USD,568.84,1.47%,USD,348.76,0.39%,USD,288.48,0.18%,USD,856.49,0.71%,USD,619.71,1.80%,USD,270.02,0.10%,USD,473.09,1.63%,
11/30/2013,USD,525.65,1.31%,USD,416.65,-0.20%,USD,32.33,-1.49%,USD,423.33,1.08%,USD,264.42,2.59%,USD,612.92,1.68%,USD,734.37,1.55%,USD,560.62,1.74%,USD,347.41,0.10%,USD,287.96,0.50%,USD,850.48,1.03%,USD,608.75,1.85%,USD,269.74,2.09%,USD,465.48,0.86%,
10/31/2013,USD,518.86,1.59%,USD,417.50,0.92%,USD,32.82,-1.65%,USD,418.79,2.01%,USD,257.75,1.17%,USD,602.81,1.45%,USD,723.19,1.53%,USD,551.01,1.41%,USD,347.05,0.57%,USD,286.54,0.61%,USD,841.81,1.01%,USD,597.70,2.54%,USD,264.21,2.96%,USD,461.50,1.77%,
9/30/2013,USD,510.72,1.27%,USD,413.68,0.24%,USD,33.37,-5.52%,USD,410.52,1.28%,USD,254.77,0.91%,USD,594.22,1.45%,USD,712.28,1.38%,USD,543.34,1.49%,USD,345.10,0.81%,USD,284.80,0.51%,USD,833.36,0.84%,USD,582.87,2.64%,USD,256.62,-0.15%,USD,453.46,1.42%,
8/31/2013,USD,504.30,-0.54%,USD,412.71,0.72%,USD,35.32,0.03%,USD,405.34,-0.24%,USD,252.48,-1.72%,USD,585.72,-0.04%,USD,702.61,-0.48%,USD,535.36,0.16%,USD,342.32,0.01%,USD,283.36,0.21%,USD,826.43,-0.92%,USD,567.88,-1.11%,USD,257.00,-2.77%,USD,447.10,0.08%,
7/31/2013,USD,507.05,0.88%,USD,409.77,-0.08%,USD,35.31,-5.74%,USD,406.32,-0.09%,USD,256.91,2.02%,USD,585.97,1.51%,USD,706.01,1.31%,USD,534.49,1.61%,USD,342.29,0.99%,USD,282.77,0.38%,USD,834.14,0.26%,USD,574.28,1.95%,USD,264.33,-1.06%,USD,446.74,1.16%,
6/30/2013,USD,502.62,-1.66%,USD,410.10,-0.33%,USD,37.46,0.81%,USD,406.69,-2.64%,USD,251.83,0.57%,USD,577.23,-1.31%,USD,696.88,-0.86%,USD,526.02,-1.53%,USD,338.92,0.17%,USD,281.69,-1.14%,USD,831.95,-2.48%,USD,563.28,-0.63%,USD,267.17,-5.42%,USD,441.61,-0.74%,
5/31/2013,USD,511.08,0.42%,USD,411.46,1.30%,USD,37.16,-1.51%,USD,417.71,-0.20%,USD,250.41,0.40%,USD,584.90,2.27%,USD,702.95,2.38%,USD,534.20,2.23%,USD,338.34,0.80%,USD,284.94,0.01%,USD,853.12,-0.05%,USD,566.83,1.19%,USD,282.49,-4.98%,USD,444.90,0.37%,
4/30/2013,USD,508.95,1.39%,USD,406.19,0.14%,USD,37.73,-3.45%,USD,418.55,1.62%,USD,249.42,1.01%,USD,571.89,1.20%,USD,686.64,1.34%,USD,522.53,1.13%,USD,335.67,0.65%,USD,284.91,0.34%,USD,853.56,1.77%,USD,560.16,1.26%,USD,297.30,3.50%,USD,443.26,1.09%,
3/31/2013,USD,501.99,1.21%,USD,405.62,0.72%,USD,39.08,-1.91%,USD,411.86,0.55%,USD,246.93,0.05%,USD,565.13,2.11%,USD,677.57,2.18%,USD,516.69,2.08%,USD,333.51,0.39%,USD,283.95,0.61%,USD,838.74,0.97%,USD,553.20,1.38%,USD,287.24,1.74%,USD,438.49,0.62%,
2/28/2013,USD,495.98,0.24%,USD,402.71,-0.07%,USD,39.84,-1.65%,USD,409.62,0.49%,USD,246.81,-1.28%,USD,553.46,0.46%,USD,663.09,1.04%,USD,506.15,0.19%,USD,332.20,-0.06%,USD,282.24,0.49%,USD,830.68,0.29%,USD,545.66,0.12%,USD,282.33,-0.77%,USD,435.78,0.38%,
1/31/2013,USD,494.80,2.07%,USD,402.98,2.01%,USD,40.51,-5.22%,USD,407.63,3.45%,USD,250.02,1.99%,USD,550.95,2.15%,USD,656.28,1.69%,USD,505.21,2.39%,USD,332.40,-0.03%,USD,280.87,1.06%,USD,828.24,0.88%,USD,545.01,3.54%,USD,284.52,2.67%,USD,434.11,2.07%,
12/31/2012,USD,484.78,1.48%,USD,395.05,1.38%,USD,42.74,-2.95%,USD,394.03,2.38%,USD,245.13,0.86%,USD,539.36,1.98%,USD,645.39,1.91%,USD,493.43,2.01%,USD,332.50,1.51%,USD,277.93,0.68%,USD,821.00,1.27%,USD,526.36,1.58%,USD,277.11,1.08%,USD,425.31,1.37%,
11/30/2012,USD,477.70,0.64%,USD,389.69,0.22%,USD,44.04,-0.43%,USD,384.88,1.10%,USD,243.04,0.39%,USD,528.91,0.30%,USD,633.32,0.26%,USD,483.71,0.31%,USD,327.55,1.05%,USD,276.05,0.48%,USD,810.70,0.72%,USD,518.16,0.73%,USD,274.15,0.58%,USD,419.56,1.00%,
10/31/2012,USD,474.65,-0.18%,USD,388.83,0.25%,USD,44.23,-0.07%,USD,380.70,0.35%,USD,242.09,-0.42%,USD,527.35,0.91%,USD,631.68,1.03%,USD,482.22,0.88%,USD,324.15,-0.77%,USD,274.74,0.87%,USD,804.90,-0.73%,USD,514.41,-0.21%,USD,272.56,-4.64%,USD,415.40,0.34%,
9/30/2012,USD,475.50,1.04%,USD,387.86,0.40%,USD,44.26,-3.78%,USD,379.37,2.21%,USD,243.12,0.56%,USD,522.57,1.67%,USD,625.27,1.78%,USD,478.03,1.62%,USD,326.65,0.41%,USD,272.37,1.26%,USD,810.82,0.60%,USD,515.48,1.57%,USD,285.82,-1.37%,USD,413.98,0.80%,
8/31/2012,USD,470.60,0.84%,USD,386.32,0.44%,USD,46.00,-4.25%,USD,371.16,0.84%,USD,241.77,1.25%,USD,514.01,1.18%,USD,614.35,0.88%,USD,470.40,1.32%,USD,325.31,0.52%,USD,268.99,1.02%,USD,805.99,0.38%,USD,507.51,1.51%,USD,289.80,-1.55%,USD,410.69,1.36%,
7/31/2012,USD,466.68,1.42%,USD,384.64,0.86%,USD,48.04,-0.44%,USD,368.05,0.96%,USD,238.79,-0.40%,USD,508.03,0.74%,USD,608.99,0.95%,USD,464.26,0.66%,USD,323.62,-0.51%,USD,266.27,1.62%,USD,802.96,2.14%,USD,499.94,0.55%,USD,294.37,4.68%,USD,405.18,1.28%,
6/30/2012,USD,460.14,-0.40%,USD,381.35,0.33%,USD,48.25,-2.72%,USD,364.54,-0.13%,USD,239.74,0.93%,USD,504.28,-0.18%,USD,603.27,-0.23%,USD,461.23,-0.16%,USD,325.29,0.53%,USD,262.02,0.76%,USD,786.12,-1.37%,USD,497.21,0.35%,USD,281.20,-3.56%,USD,400.05,0.48%,
5/31/2012,USD,461.99,-1.33%,USD,380.10,-0.84%,USD,49.60,9.03%,USD,365.03,-3.79%,USD,237.54,-3.18%,USD,505.19,-1.32%,USD,604.64,-1.24%,USD,461.99,-1.36%,USD,323.56,-1.53%,USD,260.05,0.24%,USD,797.05,0.19%,USD,495.50,-4.53%,USD,291.58,2.38%,USD,398.13,-1.17%,
4/30/2012,USD,468.22,-0.04%,USD,383.31,-0.23%,USD,45.49,-2.53%,USD,379.40,0.15%,USD,245.34,-0.41%,USD,511.97,-0.23%,USD,612.26,0.14%,USD,468.37,-0.41%,USD,328.58,-0.47%,USD,259.43,0.69%,USD,795.50,-0.25%,USD,518.99,-0.46%,USD,284.79,0.43%,USD,402.84,0.58%,
3/31/2012,USD,468.40,0.05%,USD,384.21,0.55%,USD,46.67,-1.35%,USD,378.82,-0.70%,USD,246.35,-0.15%,USD,513.13,0.79%,USD,611.41,1.48%,USD,470.28,0.45%,USD,330.12,0.18%,USD,257.65,0.74%,USD,797.48,-0.43%,USD,521.41,0.50%,USD,283.56,-2.96%,USD,400.51,0.45%,
2/29/2012,USD,468.17,1.61%,USD,382.09,1.88%,USD,47.31,-4.66%,USD,381.49,2.92%,USD,246.73,1.33%,USD,509.12,1.58%,USD,602.49,1.89%,USD,468.19,1.43%,USD,329.52,0.92%,USD,255.76,1.00%,USD,800.89,0.79%,USD,518.81,2.64%,USD,292.22,1.21%,USD,398.73,1.72%,
1/31/2012,USD,460.75,2.34%,USD,375.04,2.36%,USD,49.62,-7.58%,USD,370.67,3.74%,USD,243.48,0.17%,USD,501.19,2.80%,USD,591.33,2.40%,USD,461.58,3.03%,USD,326.50,0.97%,USD,253.22,1.17%,USD,794.64,1.22%,USD,505.45,3.91%,USD,288.74,1.15%,USD,391.97,2.47%,
12/31/2011,USD,450.23,-0.22%,USD,366.39,0.62%,USD,53.69,1.65%,USD,357.31,-0.70%,USD,243.06,-0.49%,USD,487.52,-0.81%,USD,577.45,-0.05%,USD,448.02,-1.25%,USD,323.37,-0.39%,USD,250.29,0.38%,USD,785.06,0.43%,USD,486.44,-0.88%,USD,285.47,0.79%,USD,382.51,0.14%,
11/30/2011,USD,451.21,-0.79%,USD,364.12,-0.60%,USD,52.82,-0.17%,USD,359.83,-2.69%,USD,244.26,0.09%,USD,491.48,-1.05%,USD,577.75,-1.20%,USD,453.68,-0.97%,USD,324.62,-0.27%,USD,249.34,0.50%,USD,781.70,-0.03%,USD,490.78,-1.48%,USD,283.23,0.18%,USD,381.98,-0.89%,
10/31/2011,USD,454.79,1.73%,USD,366.30,1.18%,USD,52.91,-9.59%,USD,369.76,3.70%,USD,244.03,2.76%,USD,496.70,2.56%,USD,584.77,1.99%,USD,458.13,2.90%,USD,325.50,1.91%,USD,248.11,0.14%,USD,781.92,0.18%,USD,498.15,4.45%,USD,282.73,-5.06%,USD,385.41,2.05%,
9/30/2011,USD,447.06,-3.20%,USD,362.04,-1.77%,USD,58.52,8.45%,USD,356.55,-7.47%,USD,237.48,-2.22%,USD,484.31,-5.06%,USD,573.38,-3.28%,USD,445.23,-6.15%,USD,319.39,-1.63%,USD,247.76,-0.19%,USD,780.51,-0.07%,USD,476.91,-5.22%,USD,297.81,-0.78%,USD,377.67,-2.37%,
8/31/2011,USD,461.84,-2.30%,USD,368.55,-1.73%,USD,53.96,6.56%,USD,385.33,-3.15%,USD,242.86,-0.89%,USD,510.13,-5.37%,USD,592.80,-4.41%,USD,474.40,-5.98%,USD,324.67,-0.92%,USD,248.22,-0.27%,USD,781.05,1.91%,USD,503.18,-4.44%,USD,300.16,0.25%,USD,386.84,-1.93%,
7/31/2011,USD,472.71,0.69%,USD,375.05,-0.14%,USD,50.64,3.01%,USD,397.87,1.67%,USD,245.05,-0.18%,USD,539.07,-0.78%,USD,620.13,-0.26%,USD,504.58,-1.07%,USD,327.69,-0.77%,USD,248.90,0.55%,USD,766.42,2.53%,USD,526.58,-0.41%,USD,299.42,4.03%,USD,394.47,0.61%,
6/30/2011,USD,469.48,-1.36%,USD,375.59,-0.86%,USD,49.16,1.57%,USD,391.34,-0.65%,USD,245.50,-0.29%,USD,543.29,-2.16%,USD,621.76,-0.70%,USD,510.05,-3.08%,USD,330.23,-0.04%,USD,247.53,0.06%,USD,747.53,-1.11%,USD,528.75,-1.49%,USD,287.82,-3.07%,USD,392.08,-0.64%,
5/31/2011,USD,475.96,-0.96%,USD,378.84,0.02%,USD,48.40,2.20%,USD,393.90,-1.10%,USD,246.21,-1.03%,USD,555.28,-0.61%,USD,626.17,0.01%,USD,526.26,-0.98%,USD,330.37,-1.05%,USD,247.39,0.21%,USD,755.94,-0.63%,USD,536.73,-1.68%,USD,296.95,-4.44%,USD,394.62,-0.05%,
4/30/2011,USD,480.56,1.80%,USD,378.76,0.06%,USD,47.36,-2.67%,USD,398.30,2.32%,USD,248.77,3.37%,USD,558.67,1.14%,USD,626.12,1.14%,USD,531.46,1.13%,USD,333.88,1.74%,USD,246.86,0.92%,USD,760.70,2.46%,USD,545.89,1.70%,USD,310.75,5.40%,USD,394.80,0.85%,
3/31/2011,USD,472.05,0.12%,USD,378.54,-0.61%,USD,48.66,-1.78%,USD,389.26,2.12%,USD,240.66,1.11%,USD,552.38,-0.26%,USD,619.08,-0.10%,USD,525.51,-0.37%,USD,328.18,0.59%,USD,244.60,-0.31%,USD,742.41,0.15%,USD,536.76,0.28%,USD,294.82,-2.76%,USD,391.46,0.79%,
2/28/2011,USD,471.47,1.38%,USD,380.85,2.90%,USD,49.54,-3.37%,USD,381.17,-0.07%,USD,238.02,0.52%,USD,553.81,1.44%,USD,619.71,0.86%,USD,527.45,1.88%,USD,326.24,0.79%,USD,245.36,0.93%,USD,741.28,1.28%,USD,535.24,1.72%,USD,303.20,2.60%,USD,388.38,1.39%,
1/31/2011,USD,465.04,0.69%,USD,370.13,2.16%,USD,51.27,-0.83%,USD,381.42,-0.39%,USD,236.79,1.79%,USD,545.93,1.80%,USD,614.44,1.90%,USD,517.74,1.74%,USD,323.67,0.89%,USD,243.09,1.68%,USD,731.91,-0.77%,USD,526.19,0.27%,USD,295.53,-0.82%,USD,383.06,1.98%,
12/31/2010,USD,461.86,2.90%,USD,362.31,1.16%,USD,51.70,-5.86%,USD,382.90,1.50%,USD,232.62,1.74%,USD,536.26,3.93%,USD,603.01,2.73%,USD,508.88,4.78%,USD,320.80,1.14%,USD,239.08,0.61%,USD,737.58,2.67%,USD,524.79,3.42%,USD,297.96,5.42%,USD,375.62,1.70%,
11/30/2010,USD,448.83,-0.18%,USD,358.17,0.04%,USD,54.92,-2.36%,USD,377.23,-0.38%,USD,228.64,-2.51%,USD,516.00,0.15%,USD,586.99,0.33%,USD,485.66,0.04%,USD,317.18,-1.44%,USD,237.62,0.74%,USD,718.41,-0.52%,USD,507.43,0.46%,USD,282.63,-4.11%,USD,369.35,0.30%,
10/31/2010,USD,449.66,1.92%,USD,358.04,1.98%,USD,56.25,-3.60%,USD,378.65,2.21%,USD,234.53,0.93%,USD,515.25,1.80%,USD,585.07,1.32%,USD,485.48,2.17%,USD,321.81,-0.62%,USD,235.87,1.10%,USD,722.14,1.62%,USD,505.12,2.00%,USD,294.74,4.29%,USD,368.24,2.03%,
9/30/2010,USD,441.18,3.43%,USD,351.09,1.11%,USD,58.35,-11.28%,USD,370.46,4.77%,USD,232.36,3.66%,USD,506.16,3.20%,USD,577.45,2.07%,USD,475.17,4.03%,USD,323.82,2.31%,USD,233.30,1.55%,USD,710.64,2.72%,USD,495.20,5.09%,USD,282.62,2.77%,USD,360.93,2.79%,
8/31/2010,USD,426.54,0.23%,USD,347.25,1.35%,USD,65.77,5.15%,USD,353.58,0.12%,USD,224.16,-1.55%,USD,490.46,-0.40%,USD,565.72,-0.64%,USD,456.76,-0.24%,USD,316.50,0.31%,USD,229.74,1.24%,USD,691.80,1.48%,USD,471.20,-1.12%,USD,275.00,4.87%,USD,351.14,0.01%,
7/31/2010,USD,425.54,1.59%,USD,342.62,2.22%,USD,62.55,-3.52%,USD,353.15,3.52%,USD,227.68,1.67%,USD,492.44,1.56%,USD,569.38,1.10%,USD,457.84,1.90%,USD,315.51,1.61%,USD,226.92,1.20%,USD,681.70,0.65%,USD,476.53,2.53%,USD,262.23,-1.50%,USD,351.10,1.66%,
6/30/2010,USD,418.89,-0.84%,USD,335.19,0.01%,USD,64.83,5.45%,USD,341.14,-0.03%,USD,223.93,-0.99%,USD,484.87,-1.58%,USD,563.19,-1.10%,USD,449.30,-1.97%,USD,310.52,0.10%,USD,224.22,0.92%,USD,677.29,0.56%,USD,464.78,-2.07%,USD,266.21,0.42%,USD,345.35,-0.81%,
5/31/2010,USD,422.45,-2.76%,USD,335.15,-2.51%,USD,61.48,5.84%,USD,341.24,-4.28%,USD,226.18,-3.30%,USD,492.63,-3.07%,USD,569.45,-2.50%,USD,458.31,-3.53%,USD,310.20,-1.52%,USD,222.17,-0.79%,USD,673.49,-0.63%,USD,474.61,-4.13%,USD,265.09,-4.03%,USD,348.18,-2.19%,
4/30/2010,USD,434.46,1.24%,USD,343.79,1.69%,USD,58.09,-3.89%,USD,356.51,1.01%,USD,233.91,0.43%,USD,508.24,1.89%,USD,584.08,1.69%,USD,475.10,2.09%,USD,314.99,-0.10%,USD,223.94,1.75%,USD,677.74,1.65%,USD,495.05,0.29%,USD,276.21,1.89%,USD,355.97,0.96%,
3/31/2010,USD,429.14,2.22%,USD,338.08,2.06%,USD,60.44,-6.61%,USD,352.95,3.89%,USD,232.91,0.54%,USD,498.81,2.85%,USD,574.39,2.64%,USD,465.39,3.07%,USD,315.29,0.69%,USD,220.08,1.44%,USD,666.71,0.38%,USD,493.63,2.99%,USD,271.08,4.25%,USD,352.60,1.44%,
2/28/2010,USD,419.82,0.68%,USD,331.27,0.47%,USD,64.72,-3.20%,USD,339.75,-0.45%,USD,231.66,-1.35%,USD,484.99,0.44%,USD,559.60,0.29%,USD,451.54,0.57%,USD,313.14,0.30%,USD,216.95,0.07%,USD,664.17,1.10%,USD,479.28,1.32%,USD,260.03,1.81%,USD,347.59,0.56%,
1/31/2010,USD,416.98,0.17%,USD,329.73,0.97%,USD,66.86,0.27%,USD,341.28,-0.76%,USD,234.84,0.10%,USD,482.88,1.42%,USD,557.97,2.02%,USD,449.00,0.90%,USD,312.19,0.40%,USD,216.79,2.02%,USD,656.95,1.07%,USD,473.03,-1.50%,USD,255.41,-3.81%,USD,345.64,0.56%,
12/31/2009,USD,416.28,0.88%,USD,326.55,2.22%,USD,66.68,-4.26%,USD,343.91,1.97%,USD,234.61,-0.87%,USD,476.13,2.28%,USD,546.91,2.51%,USD,445.00,2.13%,USD,310.94,0.38%,USD,212.50,0.76%,USD,650.00,-1.43%,USD,480.23,1.69%,USD,265.52,-5.00%,USD,343.70,1.18%,
11/30/2009,USD,412.64,2.11%,USD,319.45,0.80%,USD,69.65,-2.99%,USD,337.25,1.37%,USD,236.68,0.08%,USD,465.51,2.16%,USD,533.54,2.08%,USD,435.72,2.26%,USD,309.76,1.03%,USD,210.90,1.71%,USD,659.42,3.52%,USD,472.24,1.92%,USD,279.50,4.94%,USD,339.70,0.96%,
10/31/2009,USD,404.13,0.13%,USD,316.90,2.16%,USD,71.80,4.79%,USD,332.70,0.90%,USD,236.50,-0.35%,USD,455.65,0.43%,USD,522.69,0.71%,USD,426.10,0.21%,USD,306.59,0.16%,USD,207.35,1.94%,USD,636.99,0.21%,USD,463.35,-1.21%,USD,266.33,-2.17%,USD,336.48,1.12%,
9/30/2009,USD,403.62,3.04%,USD,310.19,3.23%,USD,68.52,-5.27%,USD,329.73,4.94%,USD,237.33,0.96%,USD,453.69,2.89%,USD,519.01,3.38%,USD,425.21,2.52%,USD,306.11,1.60%,USD,203.40,2.77%,USD,635.64,2.77%,USD,469.03,3.23%,USD,272.24,2.97%,USD,332.76,2.86%,
8/31/2009,USD,391.71,1.53%,USD,300.47,3.39%,USD,72.33,-1.69%,USD,314.20,1.06%,USD,235.07,1.31%,USD,440.93,2.17%,USD,502.03,2.12%,USD,414.76,2.23%,USD,301.30,0.95%,USD,197.92,2.38%,USD,618.52,0.86%,USD,454.36,1.42%,USD,264.38,0.92%,USD,323.51,1.43%,
7/31/2009,USD,385.82,2.54%,USD,290.63,5.80%,USD,73.57,-7.26%,USD,310.89,3.83%,USD,232.02,1.79%,USD,431.56,2.33%,USD,491.62,2.25%,USD,405.70,2.41%,USD,298.46,1.12%,USD,193.31,3.65%,USD,613.24,1.78%,USD,448.02,2.99%,USD,261.96,-0.43%,USD,318.96,2.99%,
6/30/2009,USD,376.27,0.43%,USD,274.69,4.05%,USD,79.33,-1.96%,USD,299.42,0.69%,USD,227.95,-0.21%,USD,421.74,1.02%,USD,480.82,1.44%,USD,396.14,0.71%,USD,295.16,0.89%,USD,186.51,1.83%,USD,602.52,-0.85%,USD,435.00,-0.04%,USD,263.08,-2.32%,USD,309.69,1.62%,
5/31/2009,USD,374.66,4.06%,USD,264.00,5.81%,USD,80.92,-0.55%,USD,297.37,6.96%,USD,228.42,3.63%,USD,417.50,4.22%,USD,473.99,4.15%,USD,393.34,4.31%,USD,292.57,1.85%,USD,183.16,4.33%,USD,607.68,1.47%,USD,435.16,5.23%,USD,269.33,0.85%,USD,304.75,4.28%,
4/30/2009,USD,360.04,1.68%,USD,249.51,4.52%,USD,81.37,-9.57%,USD,278.03,5.17%,USD,220.42,1.29%,USD,400.60,1.48%,USD,455.09,1.80%,USD,377.09,1.27%,USD,287.26,0.72%,USD,175.55,1.93%,USD,598.86,0.19%,USD,413.52,2.54%,USD,267.05,-3.24%,USD,292.25,2.24%,
3/31/2009,USD,354.08,0.65%,USD,238.73,1.14%,USD,89.98,-5.47%,USD,264.36,2.24%,USD,217.61,1.10%,USD,394.76,0.16%,USD,447.05,0.12%,USD,372.35,0.16%,USD,285.22,1.65%,USD,172.23,1.74%,USD,597.70,0.03%,USD,403.27,1.86%,USD,276.00,-2.18%,USD,285.84,0.38%,
2/28/2009,USD,351.78,-0.88%,USD,236.04,0.75%,USD,95.19,3.22%,USD,258.57,-2.10%,USD,215.25,-5.61%,USD,394.12,-1.13%,USD,446.52,-1.20%,USD,371.75,-1.12%,USD,280.60,0.69%,USD,169.28,1.01%,USD,597.54,0.21%,USD,395.92,-1.34%,USD,282.15,-0.16%,USD,284.77,-0.09%,
1/31/2009,USD,354.92,1.09%,USD,234.29,5.72%,USD,92.22,3.69%,USD,264.12,-0.14%,USD,228.05,1.14%,USD,398.64,0.79%,USD,451.93,-0.06%,USD,375.97,1.33%,USD,278.68,0.38%,USD,167.59,0.48%,USD,596.27,2.33%,USD,401.28,-0.17%,USD,282.61,-0.56%,USD,285.03,3.35%,
12/31/2008,USD,351.08,-0.03%,USD,221.62,-0.98%,USD,88.94,-1.68%,USD,264.49,0.22%,USD,225.47,0.41%,USD,395.52,-1.26%,USD,452.18,-2.54%,USD,371.03,-0.49%,USD,277.63,1.60%,USD,166.79,-0.80%,USD,582.69,1.11%,USD,401.98,1.06%,USD,284.19,2.37%,USD,275.79,-1.52%,
11/30/2008,USD,351.20,-4.15%,USD,223.82,-1.88%,USD,90.46,3.04%,USD,263.92,-1.87%,USD,224.54,-40.45%,USD,400.56,-3.21%,USD,463.96,-5.00%,USD,372.86,-2.17%,USD,273.26,-0.02%,USD,168.13,-5.60%,USD,576.30,1.54%,USD,397.78,-1.41%,USD,277.61,3.22%,USD,280.04,-4.63%,
10/31/2008,USD,366.39,-6.30%,USD,228.10,-12.59%,USD,87.79,9.66%,USD,268.95,-13.63%,USD,377.08,-1.83%,USD,413.85,-5.09%,USD,488.38,-5.66%,USD,381.13,-4.77%,USD,273.31,-3.06%,USD,178.11,-14.04%,USD,567.56,-5.13%,USD,403.48,-7.13%,USD,268.96,4.96%,USD,293.63,-6.94%,
9/30/2008,USD,391.02,-6.55%,USD,260.96,-12.26%,USD,80.06,-6.08%,USD,311.39,-8.93%,USD,384.09,-1.41%,USD,436.03,-5.75%,USD,517.69,-5.18%,USD,400.20,-6.17%,USD,281.93,-3.49%,USD,207.19,-6.80%,USD,598.28,-6.63%,USD,434.47,-7.81%,USD,256.24,-0.57%,USD,315.52,-7.35%,
8/31/2008,USD,418.43,-1.47%,USD,297.41,-0.66%,USD,85.24,-4.50%,USD,341.94,-4.00%,USD,389.57,-0.59%,USD,462.64,-0.16%,USD,545.97,-0.07%,USD,426.53,-0.20%,USD,292.13,-1.16%,USD,222.30,-0.70%,USD,640.79,-1.37%,USD,471.30,-2.11%,USD,257.70,-2.48%,USD,340.54,-1.26%,
7/31/2008,USD,424.68,-2.61%,USD,299.40,-2.14%,USD,89.26,2.98%,USD,356.17,-2.84%,USD,391.87,-0.06%,USD,463.36,-2.53%,USD,546.34,-2.59%,USD,427.38,-2.53%,USD,295.57,-0.39%,USD,223.86,-0.37%,USD,649.67,-2.64%,USD,481.48,-3.43%,USD,264.25,-4.20%,USD,344.89,-2.47%,
6/30/2008,USD,436.05,0.00%,USD,305.96,-0.36%,USD,86.68,9.02%,USD,366.58,-1.59%,USD,392.10,0.55%,USD,475.40,-0.15%,USD,560.88,-0.51%,USD,438.47,0.09%,USD,296.74,-0.12%,USD,224.70,-0.47%,USD,667.27,2.00%,USD,498.59,-1.33%,USD,275.84,4.79%,USD,353.61,0.05%,
5/31/2008,USD,436.07,2.00%,USD,307.08,1.50%,USD,79.51,0.86%,USD,372.50,2.14%,USD,389.96,1.10%,USD,476.12,1.89%,USD,563.74,1.50%,USD,438.08,2.20%,USD,297.11,-0.18%,USD,225.76,1.26%,USD,654.18,1.80%,USD,505.31,2.91%,USD,263.22,1.44%,USD,353.43,1.20%,
4/30/2008,USD,427.53,0.57%,USD,302.53,1.11%,USD,78.83,-7.30%,USD,364.71,0.17%,USD,385.71,0.31%,USD,467.28,0.51%,USD,555.41,0.24%,USD,428.67,0.68%,USD,297.64,0.88%,USD,222.95,2.07%,USD,642.60,-1.59%,USD,491.00,2.20%,USD,259.49,-2.15%,USD,349.23,0.66%,
3/31/2008,USD,425.10,-2.11%,USD,299.22,-5.93%,USD,85.04,4.86%,USD,364.09,-3.30%,USD,384.50,0.01%,USD,464.91,-1.72%,USD,554.07,-1.04%,USD,425.78,-2.21%,USD,295.04,1.62%,USD,218.43,-6.43%,USD,652.97,-1.70%,USD,480.43,-2.06%,USD,265.19,-0.53%,USD,346.94,-1.89%,
2/29/2008,USD,434.26,1.61%,USD,318.09,-1.29%,USD,81.10,-0.89%,USD,376.50,1.78%,USD,384.46,1.07%,USD,473.03,0.85%,USD,559.91,0.17%,USD,435.41,1.26%,USD,290.35,1.26%,USD,233.43,-0.66%,USD,664.25,4.11%,USD,490.55,2.06%,USD,266.61,6.61%,USD,353.64,-0.27%,
1/31/2008,USD,427.40,-1.48%,USD,322.26,-0.53%,USD,81.83,5.68%,USD,369.91,-2.67%,USD,380.40,0.69%,USD,469.06,-2.44%,USD,558.96,-1.70%,USD,429.98,-2.94%,USD,286.73,-0.10%,USD,234.97,0.28%,USD,638.05,4.44%,USD,480.67,-4.05%,USD,250.08,4.13%,USD,354.58,-1.81%,
12/31/2007,USD,433.82,0.47%,USD,323.98,-0.40%,USD,77.43,0.06%,USD,380.07,1.32%,USD,377.78,0.48%,USD,480.80,0.32%,USD,568.63,0.06%,USD,443.01,0.50%,USD,287.01,-0.63%,USD,234.31,0.21%,USD,610.92,1.50%,USD,500.98,0.42%,USD,240.16,0.32%,USD,361.10,-0.31%,
11/30/2007,USD,431.81,-1.21%,USD,325.28,-1.48%,USD,77.38,10.31%,USD,375.13,-1.85%,USD,375.97,0.56%,USD,479.29,-1.68%,USD,568.28,-1.30%,USD,440.80,-1.94%,USD,288.83,-0.80%,USD,233.82,-0.25%,USD,601.87,-0.17%,USD,498.88,-1.71%,USD,239.39,-0.95%,USD,362.21,-1.14%,
10/31/2007,USD,437.08,3.16%,USD,330.17,2.18%,USD,70.15,-2.49%,USD,382.21,5.48%,USD,373.87,1.50%,USD,487.47,2.91%,USD,575.78,1.41%,USD,449.51,3.84%,USD,291.15,2.13%,USD,234.41,1.15%,USD,602.89,2.72%,USD,507.57,3.73%,USD,241.69,4.06%,USD,366.37,3.02%,
9/30/2007,USD,423.68,2.71%,USD,323.14,1.97%,USD,71.94,-4.94%,USD,362.34,4.77%,USD,368.34,1.30%,USD,473.70,1.60%,USD,567.75,1.14%,USD,432.89,1.82%,USD,285.08,3.22%,USD,231.74,1.85%,USD,586.95,4.10%,USD,489.30,3.31%,USD,232.27,5.13%,USD,355.63,1.77%,
8/31/2007,USD,412.52,-1.53%,USD,316.91,-1.08%,USD,75.68,-1.14%,USD,345.83,-2.37%,USD,363.60,-0.39%,USD,466.24,-1.88%,USD,561.35,-1.73%,USD,425.17,-2.03%,USD,276.20,-0.65%,USD,227.53,-0.87%,USD,563.82,-0.62%,USD,473.62,-1.38%,USD,220.93,-4.61%,USD,349.43,-1.40%,
7/31/2007,USD,418.93,0.00%,USD,320.38,-1.11%,USD,76.55,7.14%,USD,354.22,2.55%,USD,365.03,0.40%,USD,475.16,0.97%,USD,571.24,-0.24%,USD,433.99,1.80%,USD,278.01,0.43%,USD,229.52,-1.96%,USD,567.32,0.96%,USD,480.24,-0.69%,USD,231.60,-4.79%,USD,354.38,-0.26%,
6/30/2007,USD,418.95,0.78%,USD,323.99,0.28%,USD,71.45,1.20%,USD,345.40,1.83%,USD,363.56,0.56%,USD,470.61,0.73%,USD,572.64,0.95%,USD,426.31,0.61%,USD,276.83,0.00%,USD,234.12,0.21%,USD,561.93,1.22%,USD,483.56,0.42%,USD,243.25,3.03%,USD,355.29,0.37%,
5/31/2007,USD,415.71,2.31%,USD,323.10,1.19%,USD,70.60,-2.20%,USD,339.19,1.72%,USD,361.53,0.75%,USD,467.21,3.24%,USD,567.24,2.08%,USD,423.72,4.31%,USD,276.84,0.04%,USD,233.62,0.24%,USD,555.18,1.79%,USD,481.56,2.31%,USD,236.10,5.13%,USD,353.99,2.29%,
4/30/2007,USD,406.33,2.02%,USD,319.29,0.56%,USD,72.19,-2.74%,USD,333.44,2.24%,USD,358.84,1.01%,USD,452.55,1.52%,USD,555.68,1.57%,USD,406.22,1.44%,USD,276.73,2.15%,USD,233.05,1.00%,USD,545.43,1.71%,USD,470.69,2.90%,USD,224.57,4.02%,USD,346.06,1.69%,
3/31/2007,USD,398.28,1.24%,USD,317.50,0.68%,USD,74.22,-0.62%,USD,326.14,1.96%,USD,355.24,1.65%,USD,445.79,1.27%,USD,547.11,1.27%,USD,400.47,1.26%,USD,270.90,1.29%,USD,230.74,0.90%,USD,536.26,1.21%,USD,457.41,1.87%,USD,215.90,-2.54%,USD,340.30,0.82%,
2/28/2007,USD,393.42,0.74%,USD,315.36,1.16%,USD,74.68,0.77%,USD,319.87,1.13%,USD,349.47,0.47%,USD,440.22,1.55%,USD,540.23,1.21%,USD,395.49,1.81%,USD,267.44,1.15%,USD,228.69,1.21%,USD,529.87,0.50%,USD,449.02,0.71%,USD,221.53,-4.38%,USD,337.53,1.20%,
1/31/2007,USD,390.53,1.33%,USD,311.75,1.20%,USD,74.11,1.49%,USD,316.29,0.08%,USD,347.85,0.61%,USD,433.50,2.06%,USD,533.76,1.71%,USD,388.44,2.43%,USD,264.40,0.20%,USD,225.95,0.12%,USD,527.26,1.29%,USD,445.86,1.15%,USD,231.67,2.26%,USD,333.53,1.70%,
12/31/2006,USD,385.41,1.83%,USD,308.06,1.49%,USD,73.02,0.63%,USD,316.03,2.84%,USD,345.74,0.88%,USD,424.74,1.58%,USD,524.79,1.68%,USD,379.22,1.59%,USD,263.87,0.49%,USD,225.67,0.72%,USD,520.55,1.36%,USD,440.78,2.08%,USD,226.54,4.05%,USD,327.96,1.77%,
11/30/2006,USD,378.47,2.07%,USD,303.55,1.06%,USD,72.56,-5.46%,USD,307.29,3.15%,USD,342.72,0.97%,USD,418.12,2.09%,USD,516.11,1.59%,USD,373.30,2.39%,USD,262.58,3.01%,USD,224.06,1.16%,USD,513.57,1.44%,USD,431.79,2.60%,USD,217.73,2.22%,USD,322.25,2.26%,
10/31/2006,USD,370.79,1.77%,USD,300.36,0.68%,USD,76.75,-4.25%,USD,297.90,2.86%,USD,339.42,0.39%,USD,409.57,2.23%,USD,508.04,2.65%,USD,364.60,2.08%,USD,254.90,-0.16%,USD,221.48,0.74%,USD,506.30,1.08%,USD,420.83,2.19%,USD,213.00,1.73%,USD,315.14,1.61%,
9/30/2006,USD,364.34,0.13%,USD,298.32,1.15%,USD,80.16,-3.11%,USD,289.61,-0.45%,USD,338.11,0.20%,USD,400.65,0.60%,USD,494.91,0.50%,USD,357.16,0.69%,USD,255.32,0.22%,USD,219.85,-0.02%,USD,500.88,0.02%,USD,411.80,0.09%,USD,209.38,-1.15%,USD,310.16,0.32%,
8/31/2006,USD,363.87,0.85%,USD,294.93,1.01%,USD,82.73,-0.72%,USD,290.91,1.42%,USD,337.42,0.31%,USD,398.28,1.05%,USD,492.44,1.15%,USD,354.72,1.03%,USD,254.77,0.35%,USD,219.89,-0.02%,USD,500.80,-0.77%,USD,411.45,1.54%,USD,211.82,1.39%,USD,309.16,0.58%,
7/31/2006,USD,360.79,0.29%,USD,291.98,0.79%,USD,83.33,2.89%,USD,286.84,1.99%,USD,336.39,1.26%,USD,394.14,0.04%,USD,486.84,-0.09%,USD,351.11,0.11%,USD,253.87,0.46%,USD,219.94,0.24%,USD,504.70,1.36%,USD,405.21,-0.05%,USD,208.92,-2.43%,USD,307.37,0.19%,
6/30/2006,USD,359.76,-0.11%,USD,289.70,0.35%,USD,80.99,5.15%,USD,281.24,-0.14%,USD,332.21,0.27%,USD,393.99,0.75%,USD,487.28,0.76%,USD,350.74,0.78%,USD,252.71,0.20%,USD,219.41,0.62%,USD,497.91,0.44%,USD,405.41,-1.01%,USD,214.12,-2.04%,USD,306.79,0.00%,
5/31/2006,USD,360.14,-1.30%,USD,288.69,0.76%,USD,77.02,5.39%,USD,281.64,-5.02%,USD,331.30,0.82%,USD,391.07,-0.09%,USD,483.62,0.39%,USD,348.03,-0.43%,USD,252.20,-0.15%,USD,218.05,0.81%,USD,495.75,-0.60%,USD,409.55,-2.84%,USD,218.57,-2.70%,USD,306.78,-0.11%,
4/30/2006,USD,364.88,2.22%,USD,286.51,0.75%,USD,73.08,-0.75%,USD,296.51,3.82%,USD,328.61,2.02%,USD,391.41,1.75%,USD,481.74,1.52%,USD,349.55,2.01%,USD,252.57,0.30%,USD,216.30,2.05%,USD,498.74,2.86%,USD,421.51,2.34%,USD,224.64,2.92%,USD,307.12,1.58%,
3/31/2006,USD,356.97,1.82%,USD,284.38,1.49%,USD,73.63,-3.32%,USD,285.60,1.37%,USD,322.11,1.62%,USD,384.69,1.50%,USD,474.53,1.73%,USD,342.65,1.35%,USD,251.81,0.97%,USD,211.95,0.57%,USD,484.86,1.06%,USD,411.88,2.45%,USD,218.27,4.08%,USD,302.34,2.05%,
2/28/2006,USD,350.58,0.34%,USD,280.22,1.18%,USD,76.16,0.40%,USD,281.73,1.56%,USD,316.99,0.50%,USD,379.02,0.34%,USD,466.45,0.21%,USD,338.09,0.43%,USD,249.39,0.58%,USD,210.75,0.06%,USD,479.76,1.23%,USD,402.03,0.14%,USD,209.71,-2.62%,USD,296.26,0.69%,
1/31/2006,USD,349.40,3.23%,USD,276.95,2.75%,USD,75.86,-2.98%,USD,277.40,5.76%,USD,315.41,1.40%,USD,377.73,2.92%,USD,465.48,2.52%,USD,336.65,3.32%,USD,247.96,1.63%,USD,210.63,1.42%,USD,473.94,3.37%,USD,401.47,4.18%,USD,215.35,2.71%,USD,294.23,2.76%,
12/31/2005,USD,338.48,1.61%,USD,269.53,0.96%,USD,78.19,-1.96%,USD,262.28,2.44%,USD,311.05,1.44%,USD,367.02,1.45%,USD,454.05,1.73%,USD,325.84,1.27%,USD,243.99,0.85%,USD,207.68,0.45%,USD,458.50,1.58%,USD,385.37,2.78%,USD,209.66,-2.53%,USD,286.33,1.89%,
11/30/2005,USD,333.11,1.48%,USD,266.96,-0.43%,USD,79.75,-1.25%,USD,256.03,2.43%,USD,306.64,0.18%,USD,361.76,1.28%,USD,446.31,1.63%,USD,321.74,1.03%,USD,241.93,1.01%,USD,206.74,-0.58%,USD,451.35,1.08%,USD,374.95,2.22%,USD,215.11,4.17%,USD,281.02,1.30%,
10/31/2005,USD,328.25,-1.46%,USD,268.12,-0.07%,USD,80.76,2.64%,USD,249.96,-2.78%,USD,306.10,0.83%,USD,357.20,-1.82%,USD,439.16,-0.10%,USD,318.47,-3.10%,USD,239.50,-1.12%,USD,207.95,0.27%,USD,446.53,-0.86%,USD,366.80,-2.29%,USD,206.50,-1.97%,USD,277.42,-1.03%,
9/30/2005,USD,333.10,1.63%,USD,268.30,1.10%,USD,78.68,3.00%,USD,257.11,4.12%,USD,303.57,0.90%,USD,363.81,1.07%,USD,439.60,1.24%,USD,328.66,1.00%,USD,242.22,0.23%,USD,207.40,0.12%,USD,450.41,2.43%,USD,375.39,2.02%,USD,210.64,1.38%,USD,280.31,1.61%,
8/31/2005,USD,327.77,0.88%,USD,265.37,0.72%,USD,76.39,2.48%,USD,246.93,2.29%,USD,300.87,0.86%,USD,359.95,0.85%,USD,434.20,1.00%,USD,325.40,0.76%,USD,241.67,0.60%,USD,207.16,0.51%,USD,439.74,0.71%,USD,367.95,1.12%,USD,207.78,-0.87%,USD,275.86,1.04%,
7/31/2005,USD,324.90,1.92%,USD,263.48,1.71%,USD,74.54,-1.66%,USD,241.40,2.30%,USD,298.30,0.33%,USD,356.91,2.27%,USD,429.91,1.65%,USD,322.95,2.85%,USD,240.22,0.46%,USD,206.11,1.00%,USD,436.65,1.04%,USD,363.86,2.68%,USD,209.61,0.78%,USD,273.01,2.26%,
6/30/2005,USD,318.77,1.31%,USD,259.05,0.96%,USD,75.80,-0.21%,USD,235.98,2.01%,USD,297.33,0.21%,USD,349.00,1.29%,USD,422.95,1.21%,USD,314.01,1.38%,USD,239.13,0.79%,USD,204.07,-0.52%,USD,432.15,0.52%,USD,354.38,1.91%,USD,207.99,4.22%,USD,266.98,1.18%,
5/31/2005,USD,314.66,0.15%,USD,256.59,-1.55%,USD,75.96,-5.91%,USD,231.34,0.67%,USD,296.70,-0.34%,USD,344.56,0.55%,USD,417.88,0.13%,USD,309.73,0.89%,USD,237.26,0.32%,USD,205.13,-1.24%,USD,429.91,0.07%,USD,347.74,0.51%,USD,199.57,3.62%,USD,263.86,-0.93%,
4/30/2005,USD,314.20,-1.04%,USD,260.64,-3.13%,USD,80.73,5.57%,USD,229.79,0.28%,USD,297.72,-0.22%,USD,342.66,-0.64%,USD,417.32,-0.06%,USD,306.99,-1.12%,USD,236.50,-0.54%,USD,207.70,-0.63%,USD,429.62,-0.25%,USD,345.99,-1.55%,USD,192.59,-3.45%,USD,266.34,-1.10%,
3/31/2005,USD,317.49,-0.15%,USD,269.07,-1.63%,USD,76.47,3.46%,USD,229.14,-1.88%,USD,298.37,0.43%,USD,344.87,0.57%,USD,417.57,0.65%,USD,310.46,0.54%,USD,237.79,0.09%,USD,209.02,0.27%,USD,430.69,0.51%,USD,351.43,-1.14%,USD,199.47,0.37%,USD,269.29,0.12%,
2/28/2005,USD,317.98,1.43%,USD,273.54,-0.31%,USD,73.91,3.40%,USD,233.52,3.35%,USD,297.10,1.02%,USD,342.90,1.59%,USD,414.87,1.55%,USD,308.80,1.68%,USD,237.57,0.46%,USD,208.45,0.91%,USD,428.49,1.40%,USD,355.48,2.03%,USD,198.73,0.08%,USD,268.97,1.01%,
1/31/2005,USD,313.49,-0.34%,USD,274.38,-0.80%,USD,71.48,6.96%,USD,225.95,1.13%,USD,294.11,0.35%,USD,337.54,0.20%,USD,408.55,0.55%,USD,303.70,-0.07%,USD,236.49,-0.09%,USD,206.57,0.09%,USD,422.59,0.69%,USD,348.40,-0.84%,USD,198.58,-5.39%,USD,266.28,0.01%,
12/31/2004,USD,314.55,1.61%,USD,276.58,0.69%,USD,66.83,-4.87%,USD,223.43,1.39%,USD,293.07,0.86%,USD,336.86,2.28%,USD,406.33,1.92%,USD,303.92,2.62%,USD,236.71,1.32%,USD,206.38,0.61%,USD,419.68,0.72%,USD,351.35,2.57%,USD,209.90,0.72%,USD,266.26,1.25%,
11/30/2004,USD,309.58,2.65%,USD,274.68,1.08%,USD,70.25,-7.71%,USD,220.36,2.69%,USD,290.58,0.26%,USD,329.36,3.27%,USD,398.66,2.67%,USD,296.15,3.88%,USD,233.63,1.67%,USD,205.13,1.12%,USD,416.69,2.42%,USD,342.53,3.24%,USD,208.39,5.83%,USD,262.96,2.11%,
10/31/2004,USD,301.59,1.28%,USD,271.75,-0.29%,USD,76.12,-1.78%,USD,214.59,2.40%,USD,289.83,0.03%,USD,318.92,1.24%,USD,388.29,1.86%,USD,285.08,0.73%,USD,229.79,0.92%,USD,202.85,1.14%,USD,406.86,1.22%,USD,331.78,1.44%,USD,196.91,4.82%,USD,257.53,0.59%,
9/30/2004,USD,297.77,1.01%,USD,272.53,-0.07%,USD,77.50,-1.91%,USD,209.57,2.33%,USD,289.75,0.54%,USD,315.02,1.27%,USD,381.21,1.23%,USD,283.00,1.35%,USD,227.69,0.63%,USD,200.57,-0.78%,USD,401.95,-0.49%,USD,327.06,2.36%,USD,187.85,1.96%,USD,256.02,0.57%,
8/31/2004,USD,294.78,0.14%,USD,272.72,0.28%,USD,79.01,1.27%,USD,204.79,1.83%,USD,288.20,2.13%,USD,311.08,0.45%,USD,376.56,0.56%,USD,279.24,0.38%,USD,226.26,0.18%,USD,202.15,-0.41%,USD,403.91,-0.75%,USD,319.52,0.09%,USD,184.23,-1.53%,USD,254.57,0.41%,
7/31/2004,USD,294.38,-0.31%,USD,271.96,-0.20%,USD,78.02,8.12%,USD,201.10,-0.14%,USD,282.18,0.31%,USD,309.68,0.00%,USD,374.46,0.52%,USD,278.19,-0.34%,USD,225.86,-1.52%,USD,202.98,0.70%,USD,406.98,0.82%,USD,319.24,-1.42%,USD,187.10,-1.95%,USD,253.54,-0.29%,
6/30/2004,USD,295.30,0.34%,USD,272.50,-0.76%,USD,72.16,-1.25%,USD,201.38,0.87%,USD,281.30,0.84%,USD,309.67,0.96%,USD,372.52,1.06%,USD,279.13,0.93%,USD,229.35,0.25%,USD,201.56,0.71%,USD,403.65,0.48%,USD,323.84,0.66%,USD,190.82,-2.84%,USD,254.28,0.09%,
5/31/2004,USD,294.29,-0.23%,USD,274.58,-1.33%,USD,73.07,0.76%,USD,199.64,-1.81%,USD,278.96,0.21%,USD,306.72,0.09%,USD,368.62,0.26%,USD,276.55,-0.09%,USD,228.78,0.44%,USD,200.14,0.63%,USD,401.71,0.05%,USD,321.73,-0.36%,USD,196.39,-1.05%,USD,254.06,-0.13%,
4/30/2004,USD,294.97,-0.58%,USD,278.27,0.46%,USD,72.52,4.23%,USD,203.31,-3.31%,USD,278.38,-0.34%,USD,306.43,0.51%,USD,367.68,0.66%,USD,276.79,0.47%,USD,227.78,-0.58%,USD,198.88,1.34%,USD,401.52,0.14%,USD,322.90,-1.40%,USD,198.47,-6.46%,USD,254.39,0.32%,
3/31/2004,USD,296.70,0.28%,USD,277.00,0.42%,USD,69.58,-2.56%,USD,210.27,1.83%,USD,279.34,-0.11%,USD,304.86,0.45%,USD,365.26,0.59%,USD,275.50,0.29%,USD,229.11,0.73%,USD,196.25,-0.49%,USD,400.95,0.97%,USD,327.50,0.20%,USD,212.17,-0.86%,USD,253.59,0.41%,
2/29/2004,USD,295.86,1.40%,USD,275.85,0.29%,USD,71.41,0.34%,USD,206.50,1.39%,USD,279.66,0.79%,USD,303.49,0.95%,USD,363.13,0.89%,USD,274.71,1.05%,USD,227.46,0.50%,USD,197.21,0.87%,USD,397.08,1.19%,USD,326.84,1.75%,USD,214.02,6.89%,USD,252.56,0.39%,
1/31/2004,USD,291.78,1.70%,USD,275.06,1.42%,USD,71.17,-1.73%,USD,203.66,2.53%,USD,277.48,0.82%,USD,300.64,2.16%,USD,359.94,2.42%,USD,271.86,2.01%,USD,226.33,0.83%,USD,195.51,1.23%,USD,392.42,1.45%,USD,321.22,2.00%,USD,200.23,1.09%,USD,251.58,1.60%,
12/31/2003,USD,286.89,1.95%,USD,271.22,0.70%,USD,72.42,-3.98%,USD,198.63,3.56%,USD,275.23,0.93%,USD,294.29,1.49%,USD,351.45,1.73%,USD,266.51,1.29%,USD,224.47,1.00%,USD,193.14,0.80%,USD,386.82,1.86%,USD,314.93,2.40%,USD,198.08,5.42%,USD,247.61,2.32%,
11/30/2003,USD,281.39,1.08%,USD,269.33,1.25%,USD,75.42,-1.89%,USD,191.80,1.17%,USD,272.69,0.33%,USD,289.98,1.21%,USD,345.49,1.21%,USD,263.11,1.34%,USD,222.25,0.42%,USD,191.60,0.52%,USD,379.77,0.55%,USD,307.56,1.70%,USD,187.90,0.54%,USD,241.99,0.88%,
10/31/2003,USD,278.39,1.38%,USD,266.00,1.67%,USD,76.87,-7.56%,USD,189.58,2.25%,USD,271.78,0.67%,USD,286.51,1.53%,USD,341.36,1.98%,USD,259.63,1.10%,USD,221.31,1.21%,USD,190.60,0.46%,USD,377.70,0.09%,USD,302.43,2.46%,USD,186.90,0.78%,USD,239.87,1.21%,
9/30/2003,USD,274.61,1.52%,USD,261.62,1.97%,USD,83.16,-0.42%,USD,185.40,2.65%,USD,269.97,1.06%,USD,282.18,1.80%,USD,334.74,2.21%,USD,256.81,1.47%,USD,218.67,0.95%,USD,189.73,1.16%,USD,377.36,3.04%,USD,295.18,1.21%,USD,185.46,-1.60%,USD,237.01,1.68%,
8/31/2003,USD,270.51,0.76%,USD,256.56,-0.91%,USD,83.51,-1.44%,USD,180.61,2.98%,USD,267.15,0.06%,USD,277.19,0.86%,USD,327.49,1.02%,USD,253.08,0.64%,USD,216.61,1.16%,USD,187.56,0.21%,USD,366.22,1.30%,USD,291.64,1.04%,USD,188.48,1.06%,USD,233.09,0.73%,
7/31/2003,USD,268.47,0.08%,USD,258.92,-0.35%,USD,84.73,-2.06%,USD,175.38,0.56%,USD,266.99,0.68%,USD,274.83,0.95%,USD,324.18,1.14%,USD,251.48,0.81%,USD,214.13,0.48%,USD,187.17,-0.98%,USD,361.51,-0.11%,USD,288.65,0.27%,USD,186.51,-2.75%,USD,231.39,0.34%,
6/30/2003,USD,268.25,0.83%,USD,259.82,-0.62%,USD,86.51,-6.01%,USD,174.41,2.02%,USD,265.19,0.46%,USD,272.25,1.80%,USD,320.53,2.63%,USD,249.47,1.28%,USD,213.10,0.75%,USD,189.02,0.34%,USD,361.89,1.63%,USD,287.87,0.79%,USD,191.78,-2.21%,USD,230.60,1.10%,
5/31/2003,USD,266.04,2.71%,USD,261.45,1.76%,USD,92.04,-5.45%,USD,170.95,5.01%,USD,263.97,1.22%,USD,267.43,2.35%,USD,312.33,2.27%,USD,246.32,2.37%,USD,211.51,2.56%,USD,188.38,1.28%,USD,356.07,2.96%,USD,285.62,3.68%,USD,196.11,5.14%,USD,228.08,1.96%,
4/30/2003,USD,259.01,1.96%,USD,256.92,1.42%,USD,97.35,-6.36%,USD,162.79,3.89%,USD,260.78,0.40%,USD,261.29,2.51%,USD,305.39,3.27%,USD,240.61,2.03%,USD,206.24,1.52%,USD,186.00,1.25%,USD,345.82,2.16%,USD,275.48,2.44%,USD,186.52,1.39%,USD,223.69,1.55%,
3/31/2003,USD,254.04,0.26%,USD,253.32,0.95%,USD,103.96,1.23%,USD,156.70,1.00%,USD,259.73,0.79%,USD,254.88,1.01%,USD,295.73,1.19%,USD,235.82,1.05%,USD,203.16,-0.27%,USD,183.70,0.42%,USD,338.52,-0.66%,USD,268.93,0.43%,USD,183.97,-6.10%,USD,220.28,0.76%,
2/28/2003,USD,253.38,0.68%,USD,250.94,1.39%,USD,102.70,-1.73%,USD,155.15,1.02%,USD,257.69,-0.06%,USD,252.34,0.63%,USD,292.24,0.89%,USD,233.37,0.63%,USD,203.71,-0.71%,USD,182.94,0.99%,USD,340.76,1.87%,USD,267.79,-0.21%,USD,195.92,6.43%,USD,218.62,0.11%,
1/31/2003,USD,251.68,1.28%,USD,247.49,3.02%,USD,104.51,-2.73%,USD,153.58,-0.45%,USD,257.84,0.31%,USD,250.76,2.27%,USD,289.66,3.12%,USD,231.92,1.98%,USD,205.17,-0.39%,USD,181.14,1.26%,USD,334.49,2.03%,USD,268.36,-0.07%,USD,184.08,6.07%,USD,218.39,1.47%,
12/31/2002,USD,248.51,1.07%,USD,240.24,1.66%,USD,107.44,4.13%,USD,154.27,-0.53%,USD,257.05,0.82%,USD,245.20,0.99%,USD,280.90,1.17%,USD,227.42,0.93%,USD,205.98,0.53%,USD,178.88,1.32%,USD,327.84,0.85%,USD,268.55,0.76%,USD,173.55,5.50%,USD,215.23,0.54%,
11/30/2002,USD,245.89,1.09%,USD,236.31,1.92%,USD,103.18,-5.89%,USD,155.09,2.24%,USD,254.95,0.31%,USD,242.80,2.57%,USD,277.65,3.91%,USD,225.32,2.05%,USD,204.90,0.21%,USD,176.55,-0.53%,USD,325.07,1.23%,USD,266.53,0.57%,USD,164.51,-2.09%,USD,214.07,1.76%,
10/31/2002,USD,243.23,-0.04%,USD,231.85,1.03%,USD,109.64,-0.66%,USD,151.69,2.38%,USD,254.17,0.41%,USD,236.72,-0.18%,USD,267.21,-0.72%,USD,220.80,0.10%,USD,204.47,0.52%,USD,177.49,-2.27%,USD,321.13,0.72%,USD,265.01,0.08%,USD,168.02,-5.03%,USD,210.36,1.00%,
9/30/2002,USD,243.33,0.08%,USD,229.48,1.37%,USD,110.37,8.10%,USD,148.16,-1.98%,USD,253.14,-0.03%,USD,237.14,-0.20%,USD,269.15,-0.25%,USD,220.59,-0.12%,USD,203.41,-0.56%,USD,181.61,-1.14%,USD,318.85,0.76%,USD,264.79,-0.47%,USD,176.92,4.11%,USD,208.27,0.84%,
8/31/2002,USD,243.14,0.85%,USD,226.38,0.60%,USD,102.10,-1.58%,USD,151.15,1.26%,USD,253.22,0.57%,USD,237.61,0.27%,USD,269.82,0.28%,USD,220.86,0.44%,USD,204.55,-1.23%,USD,183.70,1.23%,USD,316.46,1.22%,USD,266.04,1.01%,USD,169.94,3.36%,USD,206.53,0.83%,
7/31/2002,USD,241.10,-1.35%,USD,225.04,-1.55%,USD,103.74,4.41%,USD,149.27,-1.19%,USD,251.79,1.84%,USD,236.97,-3.10%,USD,269.06,-4.27%,USD,219.89,-2.39%,USD,207.09,-2.73%,USD,181.46,1.08%,USD,312.64,2.15%,USD,263.39,-2.95%,USD,164.42,6.12%,USD,204.82,-0.95%,
6/30/2002,USD,244.39,-0.84%,USD,228.59,-0.33%,USD,99.36,7.63%,USD,151.07,-3.75%,USD,247.25,0.52%,USD,244.56,-2.93%,USD,281.06,-3.79%,USD,225.27,-2.62%,USD,212.91,-1.17%,USD,179.52,0.65%,USD,306.06,1.42%,USD,271.41,-1.26%,USD,154.94,8.63%,USD,206.79,0.09%,
5/31/2002,USD,246.47,0.67%,USD,229.35,0.23%,USD,92.32,1.19%,USD,156.96,-0.73%,USD,245.97,1.29%,USD,251.93,0.12%,USD,292.12,0.19%,USD,231.34,0.09%,USD,215.42,0.03%,USD,178.36,1.44%,USD,301.77,0.78%,USD,274.87,0.80%,USD,142.63,3.51%,USD,206.61,0.85%,
4/30/2002,USD,244.82,0.79%,USD,228.82,1.21%,USD,91.23,2.05%,USD,158.12,0.12%,USD,242.84,0.53%,USD,251.64,0.74%,USD,291.58,0.89%,USD,231.14,0.63%,USD,215.35,0.88%,USD,175.82,1.35%,USD,299.43,1.70%,USD,272.69,0.61%,USD,137.79,-1.61%,USD,204.87,0.80%,
3/31/2002,USD,242.89,0.74%,USD,226.08,-0.02%,USD,89.40,-5.46%,USD,157.93,3.95%,USD,241.57,0.80%,USD,249.80,1.19%,USD,289.02,1.23%,USD,229.70,1.18%,USD,213.47,1.00%,USD,173.48,0.63%,USD,294.43,-0.19%,USD,271.04,0.91%,USD,140.05,-0.91%,USD,203.25,0.70%,
2/28/2002,USD,241.11,-0.56%,USD,226.13,-3.15%,USD,94.56,2.93%,USD,151.93,2.89%,USD,239.65,0.03%,USD,246.87,-0.34%,USD,285.52,-0.63%,USD,227.01,-0.04%,USD,211.35,-1.22%,USD,172.39,0.87%,USD,295.00,0.52%,USD,268.59,-0.99%,USD,141.33,-2.40%,USD,201.84,-0.27%,
1/31/2002,USD,242.47,0.54%,USD,233.48,1.12%,USD,91.87,1.02%,USD,147.66,2.76%,USD,239.58,0.12%,USD,247.71,1.18%,USD,287.32,1.58%,USD,227.10,1.08%,USD,213.97,0.29%,USD,170.90,1.03%,USD,293.46,2.64%,USD,271.27,-0.60%,USD,144.80,-1.27%,USD,202.39,-0.03%,
12/31/2001,USD,241.17,1.19%,USD,230.90,0.32%,USD,90.94,-3.03%,USD,143.70,4.82%,USD,239.30,-0.08%,USD,244.81,1.07%,USD,282.86,1.62%,USD,224.67,0.78%,USD,213.36,0.67%,USD,169.15,0.23%,USD,285.92,2.47%,USD,272.91,1.24%,USD,146.66,2.15%,USD,202.45,-0.24%,
11/30/2001,USD,238.33,0.54%,USD,230.17,0.71%,USD,93.78,-5.44%,USD,137.09,3.96%,USD,239.49,0.82%,USD,242.22,0.85%,USD,278.35,0.76%,USD,222.94,0.91%,USD,211.93,0.81%,USD,168.76,-0.27%,USD,279.02,-0.37%,USD,269.56,1.10%,USD,143.58,-8.62%,USD,202.93,0.38%,
10/31/2001,USD,237.05,0.44%,USD,228.55,1.11%,USD,99.18,-4.97%,USD,131.87,2.19%,USD,237.54,0.72%,USD,240.19,1.35%,USD,276.26,2.35%,USD,220.94,0.90%,USD,210.22,-0.01%,USD,169.22,1.55%,USD,280.05,1.18%,USD,266.62,-0.80%,USD,157.13,3.40%,USD,202.17,0.65%,
9/30/2001,USD,236.01,-0.83%,USD,226.04,0.74%,USD,104.37,2.91%,USD,129.05,-4.38%,USD,235.84,-0.05%,USD,236.98,-1.54%,USD,269.91,-0.79%,USD,218.97,-1.88%,USD,210.24,-2.65%,USD,166.64,0.18%,USD,276.79,1.17%,USD,268.76,-1.57%,USD,151.97,3.65%,USD,200.87,-0.49%,
8/31/2001,USD,237.99,0.92%,USD,224.38,1.50%,USD,101.42,3.67%,USD,134.96,-1.08%,USD,235.95,1.01%,USD,240.69,1.55%,USD,272.05,1.25%,USD,223.17,1.81%,USD,215.97,1.01%,USD,166.34,0.64%,USD,273.59,1.00%,USD,273.04,0.45%,USD,146.62,2.52%,USD,201.86,0.93%,
7/31/2001,USD,235.83,-0.02%,USD,221.07,1.08%,USD,97.83,4.14%,USD,136.44,-2.95%,USD,233.60,0.22%,USD,237.01,0.47%,USD,268.70,1.00%,USD,219.21,0.14%,USD,213.81,0.68%,USD,165.28,0.91%,USD,270.89,0.69%,USD,271.82,-0.72%,USD,143.02,0.15%,USD,200.00,0.58%,
6/30/2001,USD,235.88,0.58%,USD,218.70,0.13%,USD,93.94,-0.22%,USD,140.59,1.63%,USD,233.09,0.29%,USD,235.89,1.03%,USD,266.05,2.65%,USD,218.91,0.11%,USD,212.37,-0.43%,USD,163.79,0.50%,USD,269.03,1.03%,USD,273.78,0.42%,USD,142.80,-0.84%,USD,198.85,-0.28%,
5/31/2001,USD,234.51,0.83%,USD,218.41,0.69%,USD,94.15,-2.73%,USD,138.33,2.39%,USD,232.41,0.64%,USD,233.49,1.10%,USD,259.17,2.42%,USD,218.68,0.28%,USD,213.28,1.31%,USD,162.97,0.52%,USD,266.28,2.14%,USD,272.63,0.40%,USD,144.01,0.83%,USD,199.41,0.61%,
4/30/2001,USD,232.59,0.69%,USD,216.92,1.22%,USD,96.79,-7.52%,USD,135.10,-0.52%,USD,230.93,1.44%,USD,230.94,0.93%,USD,253.05,0.99%,USD,218.06,0.93%,USD,210.53,0.50%,USD,162.13,1.32%,USD,260.69,0.69%,USD,271.55,0.77%,USD,142.82,-5.49%,USD,198.21,1.29%,
3/31/2001,USD,231.00,-0.34%,USD,214.31,1.42%,USD,104.66,3.97%,USD,135.80,-1.29%,USD,227.66,0.92%,USD,228.82,0.12%,USD,250.56,1.38%,USD,216.06,-0.85%,USD,209.49,0.33%,USD,160.02,0.24%,USD,258.90,2.74%,USD,269.47,-1.94%,USD,151.12,4.88%,USD,195.69,0.09%,
2/28/2001,USD,231.78,-0.59%,USD,211.31,2.12%,USD,100.66,8.27%,USD,137.57,-2.89%,USD,225.58,0.89%,USD,228.55,1.59%,USD,247.16,1.92%,USD,217.91,1.34%,USD,208.80,1.49%,USD,159.63,0.53%,USD,252.00,0.99%,USD,274.79,-2.42%,USD,144.09,0.15%,USD,195.51,0.24%,
1/31/2001,USD,233.15,0.94%,USD,206.93,2.68%,USD,92.97,-1.43%,USD,141.67,4.35%,USD,223.58,2.13%,USD,224.98,2.46%,USD,242.51,2.89%,USD,215.02,2.20%,USD,205.74,1.91%,USD,158.79,1.42%,USD,249.53,3.32%,USD,281.60,-0.58%,USD,143.88,-0.03%,USD,195.04,1.64%,
12/31/2000,USD,230.97,2.66%,USD,201.52,0.44%,USD,94.32,0.86%,USD,135.77,2.32%,USD,218.92,1.28%,USD,219.57,0.42%,USD,235.70,0.14%,USD,210.39,0.50%,USD,201.89,1.39%,USD,156.56,0.32%,USD,241.52,5.05%,USD,283.25,3.42%,USD,143.93,7.76%,USD,191.90,1.38%,
11/30/2000,USD,224.99,-1.55%,USD,200.64,-0.47%,USD,93.52,13.76%,USD,132.69,-3.64%,USD,216.16,0.28%,USD,218.65,-0.77%,USD,235.36,-1.06%,USD,209.34,-0.68%,USD,199.12,0.28%,USD,156.06,0.70%,USD,229.92,3.63%,USD,273.88,-3.80%,USD,133.57,6.68%,USD,189.28,0.25%,
10/31/2000,USD,228.53,-1.09%,USD,201.59,1.09%,USD,82.21,6.15%,USD,137.70,-2.47%,USD,215.55,0.81%,USD,220.34,-0.05%,USD,237.88,-0.09%,USD,210.77,-0.05%,USD,198.56,0.35%,USD,154.97,0.29%,USD,221.87,1.26%,USD,284.71,-2.54%,USD,125.21,0.76%,USD,188.81,-1.82%,
9/30/2000,USD,231.05,-0.41%,USD,199.41,2.02%,USD,77.45,9.89%,USD,141.19,-6.79%,USD,213.81,-0.14%,USD,220.44,0.61%,USD,238.10,-0.31%,USD,210.87,1.29%,USD,197.86,1.01%,USD,154.52,0.75%,USD,219.11,-0.87%,USD,292.12,-0.71%,USD,124.26,-3.34%,USD,192.31,0.64%,
8/31/2000,USD,232.00,3.39%,USD,195.47,1.69%,USD,70.48,-7.23%,USD,151.48,4.32%,USD,214.10,1.43%,USD,219.10,1.71%,USD,238.84,1.77%,USD,208.18,1.69%,USD,195.89,1.57%,USD,153.37,0.67%,USD,221.04,2.92%,USD,294.22,4.90%,USD,128.56,1.23%,USD,191.09,0.64%,
7/31/2000,USD,224.39,0.11%,USD,192.23,1.46%,USD,75.97,3.59%,USD,145.21,0.58%,USD,211.08,1.23%,USD,215.41,0.50%,USD,234.69,-0.24%,USD,204.73,0.97%,USD,192.86,1.58%,USD,152.35,0.55%,USD,214.76,1.81%,USD,280.49,-0.63%,USD,127.00,-2.05%,USD,189.87,-0.29%,
6/30/2000,USD,224.14,3.66%,USD,189.47,1.97%,USD,73.34,-6.99%,USD,144.37,5.53%,USD,208.52,1.82%,USD,214.34,1.94%,USD,235.25,2.02%,USD,202.76,1.92%,USD,189.86,1.43%,USD,151.51,0.93%,USD,210.94,1.32%,USD,282.28,6.13%,USD,129.66,-1.12%,USD,190.43,2.13%,
5/31/2000,USD,216.22,-1.17%,USD,185.81,1.94%,USD,78.85,6.14%,USD,136.80,-4.13%,USD,204.80,1.46%,USD,210.27,0.02%,USD,230.60,0.00%,USD,198.95,-0.03%,USD,187.18,0.68%,USD,150.12,0.02%,USD,208.19,2.32%,USD,265.97,-3.45%,USD,131.13,0.58%,USD,186.46,0.87%,
4/30/2000,USD,218.78,-4.63%,USD,182.27,3.57%,USD,74.29,2.29%,USD,142.70,-7.76%,USD,201.85,1.44%,USD,210.22,-0.73%,USD,230.59,-1.32%,USD,199.01,-0.49%,USD,185.91,1.81%,USD,150.09,0.93%,USD,203.47,-5.35%,USD,275.48,-7.46%,USD,130.37,-2.28%,USD,184.85,0.92%,
3/31/2000,USD,229.39,-2.12%,USD,175.99,3.46%,USD,72.63,-5.94%,USD,154.71,3.10%,USD,198.99,2.24%,USD,211.77,0.60%,USD,233.67,0.15%,USD,199.98,1.18%,USD,182.60,0.05%,USD,148.70,-0.15%,USD,214.98,-2.45%,USD,297.68,-3.98%,USD,133.41,-1.31%,USD,183.16,2.15%,
2/29/2000,USD,234.35,6.49%,USD,170.10,3.37%,USD,77.22,-8.65%,USD,150.06,6.04%,USD,194.63,0.79%,USD,210.50,2.30%,USD,233.31,0.49%,USD,197.64,4.38%,USD,182.51,3.52%,USD,148.92,0.57%,USD,220.39,4.43%,USD,310.02,11.14%,USD,135.18,-2.10%,USD,179.30,1.89%,
1/31/2000,USD,220.07,-0.10%,USD,164.55,2.59%,USD,84.53,3.74%,USD,141.51,-1.52%,USD,193.10,1.42%,USD,205.76,0.51%,USD,232.18,0.42%,USD,189.34,0.65%,USD,176.30,0.15%,USD,148.08,0.54%,USD,211.04,-2.42%,USD,278.94,0.52%,USD,138.08,0.01%,USD,175.97,1.95%,
12/31/1999,USD,220.29,8.53%,USD,160.40,0.90%,USD,81.48,-6.60%,USD,143.70,15.34%,USD,190.39,0.96%,USD,204.71,3.09%,USD,231.20,1.90%,USD,188.11,4.66%,USD,176.03,0.47%,USD,147.29,0.97%,USD,216.28,9.24%,USD,277.49,13.01%,USD,138.07,2.35%,USD,172.60,2.51%,
11/30/1999,USD,202.98,4.96%,USD,158.97,1.30%,USD,87.24,-6.48%,USD,124.59,9.29%,USD,188.58,1.56%,USD,198.57,2.04%,USD,226.89,1.55%,USD,179.74,2.73%,USD,175.21,0.52%,USD,145.87,0.78%,USD,197.99,4.40%,USD,245.55,8.31%,USD,134.90,-0.52%,USD,168.38,2.71%,
10/31/1999,USD,193.38,2.37%,USD,156.93,0.70%,USD,93.28,1.85%,USD,114.00,3.66%,USD,185.68,0.82%,USD,194.60,0.35%,USD,223.43,-0.30%,USD,174.96,0.96%,USD,174.30,1.75%,USD,144.74,0.91%,USD,189.64,2.44%,USD,226.70,4.39%,USD,135.60,-4.82%,USD,163.94,0.09%,
9/30/1999,USD,188.90,-0.32%,USD,155.84,1.39%,USD,91.59,1.74%,USD,109.98,-0.65%,USD,184.17,0.22%,USD,193.92,1.04%,USD,224.11,1.73%,USD,173.30,0.11%,USD,171.31,2.16%,USD,143.43,0.74%,USD,185.12,-3.18%,USD,217.16,0.60%,USD,142.46,1.81%,USD,163.79,0.04%,
8/31/1999,USD,189.51,-0.90%,USD,153.70,0.23%,USD,90.02,4.32%,USD,110.70,-2.66%,USD,183.77,1.11%,USD,191.93,0.11%,USD,220.29,0.19%,USD,173.11,-0.05%,USD,167.69,0.80%,USD,142.38,-0.41%,USD,191.21,-2.85%,USD,215.87,-0.27%,USD,139.93,-0.32%,USD,163.72,0.99%,
7/31/1999,USD,191.24,0.26%,USD,153.35,1.09%,USD,86.29,-0.02%,USD,113.73,-1.55%,USD,181.75,1.66%,USD,191.72,1.32%,USD,219.87,1.96%,USD,173.19,0.67%,USD,166.36,0.16%,USD,142.97,0.49%,USD,196.81,-1.91%,USD,216.45,1.54%,USD,140.38,-0.72%,USD,162.12,1.01%,
6/30/1999,USD,190.74,3.28%,USD,151.69,0.81%,USD,86.31,-2.36%,USD,115.52,4.90%,USD,178.78,1.92%,USD,189.23,2.93%,USD,215.65,2.49%,USD,172.03,3.57%,USD,166.10,1.22%,USD,142.27,0.75%,USD,200.65,3.02%,USD,213.17,4.65%,USD,141.40,2.76%,USD,160.50,-2.05%,
5/31/1999,USD,184.69,0.13%,USD,150.47,1.89%,USD,88.40,0.43%,USD,110.12,-1.23%,USD,175.41,1.44%,USD,183.85,2.17%,USD,210.41,2.43%,USD,166.10,1.86%,USD,164.09,2.47%,USD,141.21,0.88%,USD,194.77,-0.05%,USD,203.69,-0.82%,USD,137.60,-2.93%,USD,163.86,0.38%,
4/30/1999,USD,184.45,2.63%,USD,147.68,2.14%,USD,88.02,-3.75%,USD,111.49,6.49%,USD,172.92,2.02%,USD,179.94,3.07%,USD,205.42,3.14%,USD,163.07,2.97%,USD,160.14,3.39%,USD,139.98,1.63%,USD,194.87,1.79%,USD,205.38,3.29%,USD,141.75,2.67%,USD,163.24,0.29%,
3/31/1999,USD,179.73,1.22%,USD,144.59,1.04%,USD,91.45,-1.77%,USD,104.70,7.43%,USD,169.49,1.35%,USD,174.58,2.39%,USD,199.17,2.89%,USD,158.37,1.81%,USD,154.89,2.56%,USD,137.73,1.34%,USD,191.45,-2.00%,USD,198.83,3.76%,USD,138.07,-1.07%,USD,162.76,0.22%,
2/28/1999,USD,177.56,-1.31%,USD,143.10,1.22%,USD,93.10,5.59%,USD,97.46,1.17%,USD,167.24,0.61%,USD,170.50,-0.05%,USD,193.57,0.07%,USD,155.56,-0.06%,USD,151.02,-1.37%,USD,135.91,1.52%,USD,195.35,-1.60%,USD,191.62,-3.14%,USD,139.56,-0.54%,USD,162.40,1.26%,
1/31/1999,USD,179.91,0.80%,USD,141.37,2.27%,USD,88.17,-7.18%,USD,96.33,-2.92%,USD,166.22,0.69%,USD,170.58,1.88%,USD,193.44,2.22%,USD,155.66,1.78%,USD,153.11,-1.51%,USD,133.88,1.90%,USD,198.52,-2.88%,USD,197.84,4.97%,USD,140.32,-3.14%,USD,160.38,1.63%,
12/31/1998,USD,178.48,3.03%,USD,138.23,0.35%,USD,94.99,-5.75%,USD,99.23,-3.84%,USD,165.08,1.24%,USD,167.44,1.70%,USD,189.23,1.55%,USD,152.94,1.89%,USD,155.46,1.55%,USD,131.38,1.73%,USD,204.40,2.34%,USD,188.47,6.56%,USD,144.87,2.80%,USD,157.80,1.32%,
11/30/1998,USD,173.23,1.36%,USD,137.75,2.06%,USD,100.79,-7.12%,USD,103.19,4.68%,USD,163.06,2.10%,USD,164.64,2.77%,USD,186.34,3.17%,USD,150.11,2.41%,USD,153.08,2.04%,USD,129.14,1.55%,USD,199.73,-1.08%,USD,176.87,3.74%,USD,140.92,-1.80%,USD,155.75,1.95%,
10/31/1998,USD,170.91,-4.57%,USD,134.97,-4.68%,USD,108.52,-8.69%,USD,98.58,1.68%,USD,159.70,2.48%,USD,160.21,0.66%,USD,180.62,0.89%,USD,146.58,0.26%,USD,150.02,2.41%,USD,127.17,-6.96%,USD,201.92,-11.55%,USD,170.49,1.74%,USD,143.51,1.21%,USD,152.77,-4.76%,
9/30/1998,USD,179.10,-2.31%,USD,141.59,-3.23%,USD,118.85,-4.98%,USD,96.95,-7.40%,USD,155.84,0.95%,USD,159.16,-2.96%,USD,179.03,-1.43%,USD,146.20,-4.74%,USD,146.49,-0.65%,USD,136.69,-3.74%,USD,228.29,-5.12%,USD,167.57,3.47%,USD,141.80,6.87%,USD,160.40,0.57%,
8/31/1998,USD,183.33,-7.55%,USD,146.31,-4.64%,USD,125.08,22.71%,USD,104.70,-23.03%,USD,154.38,-0.85%,USD,164.02,-11.77%,USD,181.63,-12.45%,USD,153.47,-11.52%,USD,147.45,-6.15%,USD,142.00,-1.46%,USD,240.62,-4.84%,USD,161.95,-11.43%,USD,132.69,9.95%,USD,159.49,1.15%,
7/31/1998,USD,198.30,0.90%,USD,153.43,0.52%,USD,101.93,2.72%,USD,136.02,0.08%,USD,155.71,-0.10%,USD,185.91,0.04%,USD,207.47,0.39%,USD,173.46,-0.27%,USD,157.12,-0.37%,USD,144.11,0.48%,USD,252.85,1.80%,USD,182.86,0.61%,USD,120.68,-1.12%,USD,157.68,0.70%,
6/30/1998,USD,196.54,1.59%,USD,152.64,-0.37%,USD,99.23,-2.34%,USD,135.91,-4.68%,USD,155.87,0.47%,USD,185.83,-0.79%,USD,206.66,0.31%,USD,173.93,-2.01%,USD,157.71,-0.53%,USD,143.42,-1.08%,USD,248.39,3.28%,USD,181.76,3.40%,USD,122.05,0.91%,USD,156.59,0.24%,
5/31/1998,USD,193.47,0.26%,USD,153.21,0.65%,USD,101.61,10.89%,USD,142.58,-9.78%,USD,155.14,1.31%,USD,187.31,-1.20%,USD,206.03,-1.41%,USD,177.49,-1.10%,USD,158.55,0.23%,USD,144.98,-0.21%,USD,240.51,3.37%,USD,175.79,-1.69%,USD,120.95,3.25%,USD,156.22,1.22%,
4/30/1998,USD,192.96,0.95%,USD,152.22,1.27%,USD,91.63,0.86%,USD,158.03,-0.18%,USD,153.13,0.29%,USD,189.58,0.73%,USD,208.97,0.51%,USD,179.47,0.90%,USD,158.19,1.64%,USD,145.28,-0.01%,USD,232.66,1.57%,USD,178.81,1.14%,USD,117.14,-4.03%,USD,154.33,1.81%,
3/31/1998,USD,191.14,5.94%,USD,150.31,1.42%,USD,90.85,-2.42%,USD,158.31,3.63%,USD,152.68,1.97%,USD,188.20,2.48%,USD,207.90,1.27%,USD,177.87,3.82%,USD,155.64,2.38%,USD,145.30,1.61%,USD,229.06,10.16%,USD,176.80,5.03%,USD,122.06,1.06%,USD,151.59,1.56%,
2/28/1998,USD,180.42,1.96%,USD,148.20,1.63%,USD,93.10,-6.89%,USD,152.77,2.00%,USD,149.73,1.85%,USD,183.65,2.56%,USD,205.29,2.80%,USD,171.33,2.17%,USD,152.02,3.81%,USD,143.00,0.81%,USD,207.94,0.21%,USD,168.33,5.64%,USD,120.78,-0.28%,USD,149.26,1.54%,
1/31/1998,USD,176.96,-1.21%,USD,145.82,0.84%,USD,99.99,-1.05%,USD,149.78,-5.90%,USD,147.01,0.91%,USD,179.07,1.73%,USD,199.70,3.76%,USD,167.69,-0.20%,USD,146.44,-0.54%,USD,141.85,-0.84%,USD,207.51,-2.18%,USD,159.35,-0.93%,USD,121.12,0.87%,USD,146.99,0.30%,
12/31/1997,USD,179.13,3.22%,USD,144.60,1.01%,USD,101.05,1.04%,USD,159.17,4.30%,USD,145.69,0.04%,USD,176.02,1.91%,USD,192.46,0.39%,USD,168.03,2.98%,USD,147.24,2.01%,USD,143.05,0.71%,USD,212.13,5.14%,USD,160.84,1.55%,USD,120.08,2.82%,USD,146.55,1.07%,
11/30/1997,USD,173.54,1.00%,USD,143.16,-0.82%,USD,100.01,2.93%,USD,152.61,-4.76%,USD,145.63,-0.38%,USD,172.72,1.33%,USD,191.72,1.84%,USD,163.16,0.97%,USD,144.34,1.09%,USD,142.04,0.40%,USD,201.76,3.46%,USD,158.38,-1.22%,USD,116.79,-0.68%,USD,145.00,0.73%,
10/31/1997,USD,171.82,-1.64%,USD,144.34,0.46%,USD,97.16,6.75%,USD,160.23,-7.86%,USD,146.19,0.81%,USD,170.46,0.45%,USD,188.25,1.22%,USD,161.60,-0.05%,USD,142.78,0.02%,USD,141.48,-1.58%,USD,195.01,-1.89%,USD,160.33,-0.84%,USD,117.59,-0.73%,USD,143.95,3.12%,
9/30/1997,USD,174.68,3.99%,USD,143.68,1.03%,USD,91.02,-3.32%,USD,173.89,2.78%,USD,145.01,1.81%,USD,169.70,2.50%,USD,185.99,2.97%,USD,161.68,2.27%,USD,142.75,1.48%,USD,143.75,1.15%,USD,198.76,4.63%,USD,161.69,5.91%,USD,118.45,3.63%,USD,139.59,2.40%,
8/31/1997,USD,167.97,-1.26%,USD,142.21,1.75%,USD,94.15,-0.07%,USD,169.18,-3.65%,USD,142.43,-0.92%,USD,165.56,-0.26%,USD,180.63,-0.91%,USD,158.09,0.13%,USD,140.67,0.57%,USD,142.12,0.82%,USD,189.97,-2.41%,USD,152.67,0.62%,USD,114.30,-7.27%,USD,136.32,1.26%,
7/31/1997,USD,170.11,6.99%,USD,139.77,2.11%,USD,94.22,-6.32%,USD,175.58,6.46%,USD,143.75,3.26%,USD,165.99,3.58%,USD,182.28,3.53%,USD,157.89,3.93%,USD,139.87,1.21%,USD,140.97,1.09%,USD,194.67,10.13%,USD,151.73,7.03%,USD,123.26,5.69%,USD,134.62,1.03%,
6/30/1997,USD,158.99,2.26%,USD,136.88,2.09%,USD,100.58,-0.84%,USD,164.93,6.81%,USD,139.21,1.18%,USD,160.25,1.70%,USD,176.06,1.13%,USD,151.92,2.08%,USD,138.20,2.39%,USD,139.45,0.87%,USD,176.76,2.10%,USD,141.77,2.28%,USD,116.62,0.21%,USD,133.25,1.27%,
5/31/1997,USD,155.48,0.88%,USD,134.08,1.68%,USD,101.43,-6.50%,USD,154.41,2.97%,USD,137.58,3.03%,USD,157.57,2.91%,USD,174.10,3.45%,USD,148.82,2.68%,USD,134.98,1.31%,USD,138.25,1.01%,USD,173.12,-2.02%,USD,138.61,5.14%,USD,116.37,-0.76%,USD,131.58,1.10%,
4/30/1997,USD,154.12,2.86%,USD,131.86,1.02%,USD,108.48,-0.80%,USD,149.96,1.97%,USD,133.54,1.21%,USD,153.11,0.33%,USD,168.29,0.52%,USD,144.93,0.48%,USD,133.24,-1.67%,USD,136.87,1.24%,USD,176.69,5.95%,USD,131.83,0.01%,USD,117.26,-2.69%,USD,130.15,0.56%,
3/31/1997,USD,149.84,-1.41%,USD,130.53,0.94%,USD,109.36,8.03%,USD,147.07,-0.78%,USD,131.95,-1.15%,USD,152.60,0.18%,USD,167.42,0.38%,USD,144.24,0.08%,USD,135.50,-0.42%,USD,135.19,0.72%,USD,166.76,-2.17%,USD,131.82,-2.27%,USD,120.50,-0.95%,USD,129.42,0.53%,
2/28/1997,USD,151.99,1.30%,USD,129.31,1.33%,USD,101.23,2.50%,USD,148.22,7.69%,USD,133.48,1.97%,USD,152.33,1.49%,USD,166.79,2.16%,USD,144.13,1.03%,USD,136.07,0.22%,USD,134.22,1.10%,USD,170.46,1.82%,USD,134.88,-1.58%,USD,121.66,1.43%,USD,128.74,2.35%,
1/31/1997,USD,150.04,5.48%,USD,127.61,1.03%,USD,98.76,-1.86%,USD,137.63,9.46%,USD,130.90,3.17%,USD,150.10,2.30%,USD,163.27,2.42%,USD,142.66,2.33%,USD,135.77,1.28%,USD,132.76,1.48%,USD,167.42,8.21%,USD,137.04,3.49%,USD,119.94,3.00%,USD,125.79,1.53%,
12/31/1996,USD,142.24,0.31%,USD,126.31,0.85%,USD,100.63,1.31%,USD,125.74,2.43%,USD,126.88,0.95%,USD,146.73,1.88%,USD,159.41,2.19%,USD,139.41,1.70%,USD,134.05,1.12%,USD,130.83,1.75%,USD,154.72,-0.76%,USD,132.42,0.82%,USD,116.45,-1.83%,USD,123.90,2.26%,
11/30/1996,USD,141.80,5.04%,USD,125.25,1.35%,USD,99.33,-2.94%,USD,122.76,2.60%,USD,125.68,2.00%,USD,144.02,2.54%,USD,155.99,3.61%,USD,137.08,1.89%,USD,132.57,0.45%,USD,128.58,1.17%,USD,155.91,8.13%,USD,131.34,3.07%,USD,118.62,4.21%,USD,121.16,0.19%,
10/31/1996,USD,134.99,3.35%,USD,123.58,1.44%,USD,102.34,4.30%,USD,119.65,1.70%,USD,123.22,1.11%,USD,140.45,1.39%,USD,150.55,1.80%,USD,134.54,1.19%,USD,131.98,0.45%,USD,127.09,1.16%,USD,144.19,5.31%,USD,127.43,1.93%,USD,113.83,5.59%,USD,120.93,0.22%,
9/30/1996,USD,130.61,2.50%,USD,121.82,1.12%,USD,98.12,-5.93%,USD,117.65,1.57%,USD,121.87,1.32%,USD,138.52,2.23%,USD,147.89,2.84%,USD,132.96,1.68%,USD,131.39,2.15%,USD,125.63,1.47%,USD,136.92,3.01%,USD,125.02,2.50%,USD,107.80,3.22%,USD,120.67,0.98%,
8/31/1996,USD,127.42,2.48%,USD,120.47,1.31%,USD,104.31,-3.43%,USD,115.83,3.56%,USD,120.28,1.48%,USD,135.50,2.16%,USD,143.81,2.74%,USD,130.76,1.86%,USD,128.62,1.23%,USD,123.81,1.04%,USD,132.92,2.93%,USD,121.97,2.38%,USD,104.44,0.78%,USD,119.50,0.72%,
7/31/1996,USD,124.34,-4.13%,USD,118.91,1.36%,USD,108.01,9.83%,USD,111.85,-2.68%,USD,118.53,0.60%,USD,132.63,0.24%,USD,139.98,-0.33%,USD,128.37,0.60%,USD,127.06,1.05%,USD,122.53,1.34%,USD,129.14,-6.97%,USD,119.14,-3.80%,USD,103.63,0.10%,USD,118.64,1.73%,
6/30/1996,USD,129.70,1.74%,USD,117.32,1.45%,USD,98.34,5.09%,USD,114.93,5.36%,USD,117.82,0.24%,USD,132.31,1.00%,USD,140.44,0.67%,USD,127.61,1.48%,USD,125.74,0.28%,USD,120.91,1.25%,USD,138.82,3.23%,USD,123.85,-1.53%,USD,103.53,0.20%,USD,116.62,2.91%,
5/31/1996,USD,127.48,1.93%,USD,115.64,1.59%,USD,93.58,0.02%,USD,109.08,4.51%,USD,117.54,1.14%,USD,131.00,1.66%,USD,139.50,1.09%,USD,125.75,2.34%,USD,125.39,1.09%,USD,119.42,1.09%,USD,134.47,1.99%,USD,125.78,2.13%,USD,103.32,-1.99%,USD,113.32,1.97%,
4/30/1996,USD,125.07,3.12%,USD,113.83,1.34%,USD,93.56,-6.64%,USD,104.37,5.06%,USD,116.21,1.29%,USD,128.86,2.57%,USD,137.99,2.69%,USD,122.88,2.58%,USD,124.04,2.00%,USD,118.13,1.35%,USD,131.85,3.00%,USD,123.16,4.14%,USD,105.42,3.12%,USD,111.13,1.72%,
3/31/1996,USD,121.29,1.06%,USD,112.33,1.50%,USD,100.21,-0.87%,USD,99.34,-0.93%,USD,114.73,1.65%,USD,125.63,1.22%,USD,134.38,1.30%,USD,119.79,1.29%,USD,121.61,0.63%,USD,116.56,0.77%,USD,128.01,1.22%,USD,118.26,1.21%,USD,102.23,0.11%,USD,109.25,-0.03%,
2/29/1996,USD,120.02,-3.59%,USD,110.67,1.18%,USD,101.09,-5.64%,USD,100.27,-0.57%,USD,112.87,1.59%,USD,124.11,0.58%,USD,132.65,0.36%,USD,118.26,0.57%,USD,120.85,1.57%,USD,115.67,1.06%,USD,126.47,-7.07%,USD,116.85,1.35%,USD,102.12,-4.50%,USD,109.28,0.23%,
1/31/1996,USD,124.49,6.97%,USD,109.38,2.07%,USD,107.13,0.63%,USD,100.84,7.86%,USD,111.10,2.10%,USD,123.39,3.49%,USD,132.17,4.10%,USD,117.59,3.50%,USD,118.98,1.02%,USD,114.46,1.43%,USD,136.09,10.46%,USD,115.29,1.97%,USD,106.93,2.82%,USD,109.03,0.37%,
12/31/1995,USD,116.38,3.06%,USD,107.16,1.39%,USD,106.46,4.94%,USD,93.49,0.74%,USD,108.82,0.81%,USD,119.23,2.18%,USD,126.97,3.89%,USD,113.61,1.02%,USD,117.78,-0.16%,USD,112.85,1.07%,USD,123.20,4.05%,USD,113.06,2.09%,USD,104.00,4.59%,USD,108.63,0.80%,
11/30/1995,USD,112.92,3.14%,USD,105.69,2.31%,USD,101.45,-0.97%,USD,92.80,-3.13%,USD,107.95,0.29%,USD,116.69,1.13%,USD,122.22,1.28%,USD,112.46,0.70%,USD,117.97,1.68%,USD,111.65,1.68%,USD,118.41,4.87%,USD,110.74,2.29%,USD,99.44,-0.27%,USD,107.77,2.53%,
10/31/1995,USD,109.48,-0.11%,USD,103.30,1.29%,USD,102.44,6.35%,USD,95.80,-5.66%,USD,107.64,0.28%,USD,115.39,-0.26%,USD,120.68,-1.31%,USD,111.68,0.86%,USD,116.02,0.16%,USD,109.80,1.14%,USD,112.91,1.00%,USD,108.26,-1.82%,USD,99.71,-1.06%,USD,105.11,-0.82%,
9/30/1995,USD,109.60,0.38%,USD,101.98,1.12%,USD,96.32,-2.93%,USD,101.55,1.88%,USD,107.34,-0.57%,USD,115.69,1.87%,USD,122.28,1.55%,USD,110.73,2.55%,USD,115.83,1.14%,USD,108.56,1.04%,USD,111.79,0.20%,USD,110.27,1.11%,USD,100.78,-9.35%,USD,105.98,1.74%,
8/31/1995,USD,109.19,6.00%,USD,100.85,0.77%,USD,99.23,0.82%,USD,99.68,0.98%,USD,107.96,0.68%,USD,113.57,1.54%,USD,120.41,0.96%,USD,107.98,2.59%,USD,114.52,0.60%,USD,107.44,0.77%,USD,111.57,10.60%,USD,109.06,2.26%,USD,111.18,-0.32%,USD,104.17,1.00%,
7/31/1995,USD,103.01,2.76%,USD,100.08,0.86%,USD,98.42,-5.94%,USD,98.71,2.22%,USD,107.23,0.55%,USD,111.85,2.25%,USD,119.26,3.87%,USD,105.25,0.71%,USD,113.84,1.56%,USD,106.62,1.12%,USD,100.88,2.24%,USD,106.65,5.15%,USD,111.54,3.05%,USD,103.14,-0.64%,
6/30/1995,USD,100.24,0.37%,USD,99.23,1.90%,USD,104.63,-6.91%,USD,96.57,0.78%,USD,106.64,1.52%,USD,109.39,1.30%,USD,114.82,2.33%,USD,104.51,-0.07%,USD,112.09,2.07%,USD,105.44,0.52%,USD,98.67,-0.68%,USD,101.43,3.51%,USD,108.24,-5.74%,USD,103.80,1.80%,
5/31/1995,USD,99.87,1.01%,USD,97.38,1.65%,USD,112.40,-1.25%,USD,95.82,1.34%,USD,105.04,0.41%,USD,107.99,1.13%,USD,112.21,1.96%,USD,104.58,0.48%,USD,109.82,0.61%,USD,104.89,2.01%,USD,99.35,0.99%,USD,97.99,2.03%,USD,114.83,-4.70%,USD,101.96,-1.25%,
4/30/1995,USD,98.87,1.45%,USD,95.80,2.28%,USD,113.82,-0.37%,USD,94.55,7.25%,USD,104.61,2.27%,USD,106.78,2.10%,USD,110.05,2.78%,USD,104.08,2.44%,USD,109.15,-0.45%,USD,102.82,2.02%,USD,98.38,0.91%,USD,96.04,1.36%,USD,120.49,-0.33%,USD,103.25,1.70%,
3/31/1995,USD,97.46,3.48%,USD,93.66,1.32%,USD,114.24,0.38%,USD,88.16,-5.51%,USD,102.29,2.92%,USD,104.58,0.85%,USD,107.07,2.92%,USD,101.60,-1.23%,USD,109.64,0.63%,USD,100.78,-0.44%,USD,97.49,5.96%,USD,94.75,0.81%,USD,120.89,9.46%,USD,101.52,1.86%,
2/28/1995,USD,94.18,0.45%,USD,92.44,1.18%,USD,113.81,-2.24%,USD,93.30,-7.88%,USD,99.39,0.94%,USD,103.70,2.41%,USD,104.03,2.89%,USD,102.87,1.96%,USD,108.95,1.88%,USD,101.23,0.65%,USD,92.01,0.07%,USD,93.99,3.04%,USD,110.44,-1.27%,USD,99.67,0.23%,
1/31/1995,USD,93.76,-1.97%,USD,91.36,-0.62%,USD,116.42,1.31%,USD,101.28,-9.98%,USD,98.46,0.47%,USD,101.26,0.51%,USD,101.11,0.44%,USD,100.89,0.27%,USD,106.94,1.61%,USD,100.58,0.27%,USD,91.95,-2.47%,USD,91.22,-0.74%,USD,111.86,-0.08%,USD,99.44,2.41%,
12/31/1994,USD,95.64,-0.21%,USD,91.93,-1.92%,USD,114.91,-0.19%,USD,112.51,-4.21%,USD,98.00,1.27%,USD,100.75,-0.78%,USD,100.67,-0.63%,USD,100.62,-1.00%,USD,105.25,0.26%,USD,100.31,0.57%,USD,94.28,0.50%,USD,91.90,-0.35%,USD,111.95,-1.89%,USD,97.10,1.89%,
11/30/1994,USD,95.84,0.41%,USD,93.73,-0.17%,USD,115.13,3.03%,USD,117.45,-1.42%,USD,96.77,-0.30%,USD,101.54,-1.06%,USD,101.31,-2.40%,USD,101.64,0.51%,USD,104.98,0.61%,USD,99.74,0.69%,USD,93.81,2.09%,USD,92.22,-2.85%,USD,114.11,1.65%,USD,95.30,-2.72%,
10/31/1994,USD,95.45,-1.35%,USD,93.89,-1.36%,USD,111.74,-0.41%,USD,119.14,-3.51%,USD,97.06,-0.37%,USD,102.63,-0.73%,USD,103.80,-0.35%,USD,101.12,-1.26%,USD,104.34,0.20%,USD,99.06,0.89%,USD,91.89,-2.22%,USD,94.93,0.27%,USD,112.26,1.18%,USD,97.96,1.59%,
9/30/1994,USD,96.76,0.67%,USD,95.18,-1.19%,USD,112.20,1.58%,USD,123.47,5.20%,USD,97.42,-0.94%,USD,103.38,0.75%,USD,104.16,1.11%,USD,102.41,0.32%,USD,104.13,0.38%,USD,98.19,0.70%,USD,93.98,0.25%,USD,94.67,0.25%,USD,110.95,2.03%,USD,96.43,-0.64%,
8/31/1994,USD,96.12,2.77%,USD,96.33,-0.04%,USD,110.46,-5.66%,USD,117.37,16.42%,USD,98.34,-0.99%,USD,102.61,0.82%,USD,103.02,2.04%,USD,102.08,-0.72%,USD,103.74,1.69%,USD,97.51,-0.09%,USD,93.75,2.75%,USD,94.43,1.64%,USD,108.74,-0.27%,USD,97.05,-3.24%,
7/31/1994,USD,93.53,0.35%,USD,96.37,0.14%,USD,117.09,-1.18%,USD,100.82,5.81%,USD,99.32,-1.00%,USD,101.78,0.54%,USD,100.96,1.80%,USD,102.82,-0.96%,USD,102.02,0.57%,USD,97.60,-0.18%,USD,91.24,-0.35%,USD,92.91,1.29%,USD,109.03,-1.01%,USD,100.30,-2.23%,
6/30/1994,USD,93.20,-0.81%,USD,96.24,0.21%,USD,118.49,6.35%,USD,95.28,0.47%,USD,100.32,0.70%,USD,101.23,-0.13%,USD,99.17,-0.95%,USD,103.82,0.83%,USD,101.44,0.18%,USD,97.78,-0.40%,USD,91.56,-0.92%,USD,91.73,-2.31%,USD,110.14,4.15%,USD,102.59,3.61%,
5/31/1994,USD,93.96,2.23%,USD,96.04,-1.02%,USD,111.42,2.25%,USD,94.83,-0.73%,USD,99.62,-0.11%,USD,101.36,-0.15%,USD,100.12,-0.84%,USD,102.97,0.69%,USD,101.26,0.25%,USD,98.17,0.79%,USD,92.41,3.80%,USD,93.90,0.57%,USD,105.75,0.76%,USD,99.02,-3.47%,
4/30/1994,USD,91.91,-1.74%,USD,97.03,-2.52%,USD,108.97,1.28%,USD,95.53,-8.36%,USD,99.73,0.25%,USD,101.51,-0.66%,USD,100.97,-0.71%,USD,102.26,-0.57%,USD,101.01,-0.96%,USD,97.40,-0.20%,USD,89.03,-1.59%,USD,93.37,-1.56%,USD,104.95,0.86%,USD,102.58,2.58%,
3/31/1994,USD,93.54,-3.57%,USD,99.54,-0.97%,USD,107.59,7.19%,USD,104.24,-4.61%,USD,99.48,-0.24%,USD,102.18,-1.29%,USD,101.69,-1.83%,USD,102.85,-0.83%,USD,101.99,1.86%,USD,97.60,-1.68%,USD,90.47,-4.27%,USD,94.85,-3.90%,USD,104.06,2.60%,USD,100.00,0.00%,
2/28/1994,USD,97.00,-4.09%,USD,100.51,0.15%,USD,100.37,2.00%,USD,109.28,-1.14%,USD,99.72,0.24%,USD,103.52,-0.15%,USD,103.59,-0.34%,USD,103.71,0.11%,USD,100.13,-0.44%,USD,99.27,-2.00%,USD,94.51,-5.65%,USD,98.70,-2.47%,USD,101.42,1.20%,,,,
1/31/1994,USD,101.14,1.14%,USD,100.36,0.36%,USD,98.40,-1.60%,USD,110.54,10.54%,USD,99.48,-0.52%,USD,103.68,3.68%,USD,103.94,3.94%,USD,103.60,3.60%,USD,100.57,0.57%,USD,101.30,1.30%,USD,100.17,0.17%,USD,101.20,1.20%,USD,100.22,0.22%,,,,
12/31/1993,USD,100.00,0.00%,USD,100.00,0.00%,USD,100.00,0.00%,USD,100.00,0.00%,USD,100.00,0.00%,USD,100.00,0.00%,USD,100.00,0.00%,USD,100.00,0.00%,USD,100.00,0.00%,USD,100.00,0.00%,USD,100.00,0.00%,USD,100.00,0.00%,USD,100.00,0.00%,,,,
,
,

" 1999 - 2013 Credit Suisse Hedge Index LLC. All rights reserved. This communication is for informational purposes only. It is not intended as investment advice or an offer or solicitation for the purchase or sale of any financial instrument. No market data or other information is warranted or guaranteed by Credit Suisse Hedge Index LLC or its subsidiaries and affiliates as to its completeness accuracy or fitness for a particular purpose express or implied and is subject to change without notice. Those communications reflect the assumptions views and analytical methods of the persons that prepared them. Hypothetical, back-tested or simulated performances have many inherent limitations only some of which are described as follows: they are designed with the benefit of hindsight, based on historical data, and do not reflect the impact that certain economic and market factors might have had on the decision or rule-making process. No hypothetical, back-tested or simulated performance can completely account for the impact of financial risk in actual performance. Therefore, it will invariably show positive returns. The information is based, in part, on hypothetical assumptions made for modeling purposes that may not be realized in actual performance. No representation or warranty is made as to the reasonableness of the assumptions made or that all assumptions used in achieving the returns have been stated or fully considered. Assumption changes may have a material impact on the model returns presented. There are frequently material differences between hypothetical, back-tested or simulated performance results and actual results subsequently achieved by any investment strategy. Unlike an actual performance, hypothetical, back-tested or simulated results are achieved by means of the retroactive application of a back-tested model itself designed with the benefit of hindsight. The back-testing of performance differs from actual performance because the allocation rules may be adjusted at any time, for any reason and can continue to be changed until desired or better performance results are achieved. The Index is not a security and cannot be purchased. Credit Suisse Hedge Fund Index was formerly known as Dow Jones Credit Suisse Hedge Fund Index from July 1, 2010 to July 10, 2013. Credit Suisse AllHedge Index was formerly known as Dow Jones Credit Suisse AllHedge Index from July 1, 2010 to July 10, 2013. Credit Suisse Blue Chip Hedge Fund Index was formerly known as Dow Jones Credit Suisse Blue Chip Hedge Fund Index from July 1, 2010 to July 10, 2013."

""